"","geneSet","description","link","size","overlap","expect","enrichmentRatio","pValue","FDR","overlapId","userId","CellType","Direction","Comparison","GO"
"1","GO:0002521","leukocyte differentiation","http://amigo.geneontology.org/amigo/term/GO:0002521",212,13,2.13837192783066,6.07939144299761,1.44440222116238e-07,0.000118007661468966,"677;2621;3428;3566;4773;5452;5578;5771;5925;7409;9770;29760;139716","RB1;PRKCA;PTPN2;RASSF2;GAS6;POU2F2;ZFP36L1;IL4R;NFATC2;IFI16;BLNK;VAV1;GAB3","Microglia","DOWN","HS","BP"
"2","GO:0035418","protein localization to synapse","http://amigo.geneontology.org/amigo/term/GO:0035418",45,6,0.44750674811763,13.407619047619,4.66898693662898e-06,0.00381456232722588,"2903;5874;9379;10458;23426;57554","LRRC7;GRIN2A;NRXN2;GRIP1;BAIAP2;RAB27B","Endo","UP","HS","BP"
"3","GO:0042391","regulation of membrane potential","http://amigo.geneontology.org/amigo/term/GO:0042391",235,10,2.33697968461429,4.2790273556231,9.68949658999296e-05,0.0395815935701213,"2566;2895;2898;2903;3746;6262;10458;22999;27133;116443","RYR2;GRID2;RIMS1;GRIK2;GRIN2A;GABRG2;KCNH5;BAIAP2;GRIN3A;KCNC1","Endo","UP","HS","BP"
"4","GO:0042391","regulation of membrane potential","http://amigo.geneontology.org/amigo/term/GO:0042391",235,15,3.27177155846001,4.58467216673904,7.06360348545765e-07,0.00057709640476189,"785;2561;2892;2904;2915;3756;6262;6326;9699;9722;54532;55022;66000;81832;348980","NOS1AP;KCNH1;RYR2;TMEM108;GRIN2B;GRIA3;CACNB4;SCN2A;PID1;HCN1;GABRB2;RIMS2;GRM5;NETO1;USP53","Microglia","UP","HS","BP"
"5","GO:0007215","glutamate receptor signaling pathway","http://amigo.geneontology.org/amigo/term/GO:0007215",71,9,1.7147322062793,5.24863297431649,4.65655135840626e-05,0.0380440245981791,"2897;2917;2918;10368;10891;81832;116443;149111;221955","GRM7;CNIH3;PPARGC1A;GRM8;CACNG3;NETO1;GRIK1;GRIN3A;DAGLB","Oligo","UP","HS","BP"
"6","GO:0002521","leukocyte differentiation","http://amigo.geneontology.org/amigo/term/GO:0002521",212,13,2.13837192783066,6.07939144299761,1.44440222116238e-07,0.000118007661468966,"677;2621;3428;3566;4773;5452;5578;5771;5925;7409;9770;29760;139716","RB1;PRKCA;PTPN2;RASSF2;GAS6;POU2F2;ZFP36L1;IL4R;NFATC2;IFI16;BLNK;VAV1;GAB3","Microglia","DOWN","HS","BP"
"7","GO:0035418","protein localization to synapse","http://amigo.geneontology.org/amigo/term/GO:0035418",45,6,0.44750674811763,13.407619047619,4.66898693662898e-06,0.00381456232722588,"2903;5874;9379;10458;23426;57554","LRRC7;GRIN2A;NRXN2;GRIP1;BAIAP2;RAB27B","Endo","UP","HS","BP"
"8","GO:0042391","regulation of membrane potential","http://amigo.geneontology.org/amigo/term/GO:0042391",235,10,2.33697968461429,4.2790273556231,9.68949658999296e-05,0.0395815935701213,"2566;2895;2898;2903;3746;6262;10458;22999;27133;116443","RYR2;GRID2;RIMS1;GRIK2;GRIN2A;GABRG2;KCNH5;BAIAP2;GRIN3A;KCNC1","Endo","UP","HS","BP"
"9","GO:0042391","regulation of membrane potential","http://amigo.geneontology.org/amigo/term/GO:0042391",235,15,3.27177155846001,4.58467216673904,7.06360348545765e-07,0.00057709640476189,"785;2561;2892;2904;2915;3756;6262;6326;9699;9722;54532;55022;66000;81832;348980","NOS1AP;KCNH1;RYR2;TMEM108;GRIN2B;GRIA3;CACNB4;SCN2A;PID1;HCN1;GABRB2;RIMS2;GRM5;NETO1;USP53","Microglia","UP","HS","BP"
"10","GO:0007215","glutamate receptor signaling pathway","http://amigo.geneontology.org/amigo/term/GO:0007215",71,9,1.7147322062793,5.24863297431649,4.65655135840626e-05,0.0380440245981791,"2897;2917;2918;10368;10891;81832;116443;149111;221955","GRM7;CNIH3;PPARGC1A;GRM8;CACNG3;NETO1;GRIK1;GRIN3A;DAGLB","Oligo","UP","HS","BP"
"11","GO:0048880","sensory system development","http://amigo.geneontology.org/amigo/term/GO:0048880",182,14,3.74911208978548,3.7342175066313,2.04359189267533e-05,0.0166961457631575,"493;655;658;2202;2737;4212;5080;6657;7042;10371;22882;23418;23657;55764","CRB1;SOX2;ZHX2;MEIS2;ATP2B4;IFT122;SEMA3A;SLC7A11;TGFB2;EFEMP1;BMPR1B;GLI3;PAX6;BMP7","Astro","DOWN","FCD","BP"
"12","GO:0070972","protein localization to endoplasmic reticulum","http://amigo.geneontology.org/amigo/term/GO:0070972",104,17,4.47677226878818,3.79737877633917,1.74938244712486e-06,0.00142924545930101,"6133;6137;6141;6158;6169;6171;6176;6193;6194;6208;6218;6223;6234;23471;23521;25873;60559","SPCS3;TRAM1;RPL13;RPL38;RPS19;RPL13A;RPL9;RPS14;RPS6;RPL41;RPLP1;RPS17;RPL36;RPS28;RPL18;RPL28;RPS5","Endo","DOWN","FCD","BP"
"13","GO:0042391","regulation of membrane potential","http://amigo.geneontology.org/amigo/term/GO:0042391",235,27,9.9488563716437,2.71387976581465,1.83665883590756e-06,0.00150055026893647,"665;785;2257;2258;2259;2554;2557;2560;2561;2566;2742;2904;3747;3751;3760;4208;4915;5999;10242;22999;23111;57502;66000;90134;116443;348980;401190","KCNJ3;TMEM108;FGF12;GABRB1;MEF2C;RIMS1;KCND2;BNIP3L;NTRK2;GRIN2B;FGF14;NLGN4X;RGS4;CACNB4;KCNH7;KCNMB2;GABRA4;HCN1;RGS7BP;GABRB2;GABRG2;KCNC2;SPART;FGF13;GRIN3A;GLRA2;GABRA1","Inhibitory","DOWN","FCD","BP"
"14","GO:0050808","synapse organization","http://amigo.geneontology.org/amigo/term/GO:0050808",265,28,11.2189231424918,2.49578320881347,6.15910958923216e-06,0.00251599626720134,"577;785;831;2045;2066;2823;2904;3480;3556;4208;4915;8976;9758;9863;23024;23767;23768;26050;27445;57502;57633;57689;66000;91752;92737;145581;221935;347731","ERBB4;DNER;TMEM108;GPM6A;MEF2C;CAST;ADGRB3;SDK1;MAGI2;WASL;NTRK2;LRRTM3;LRRC4C;GRIN2B;IGF1R;NLGN4X;CACNB4;ZNF804A;LRRN1;PDZRN3;IL1RAP;EPHA7;PCLO;SLITRK5;LRFN5;FLRT2;FLRT3;FRMPD4","Inhibitory","DOWN","FCD","BP"
"15","GO:0007214","gamma-aminobutyric acid signaling pathway","http://amigo.geneontology.org/amigo/term/GO:0007214",19,6,0.80437562153715,7.45920169551395,9.30880164522474e-05,0.0215736303949682,"2554;2557;2560;2561;2566;9568","GABRB1;GABBR2;GABRA4;GABRB2;GABRG2;GABRA1","Inhibitory","DOWN","FCD","BP"
"16","GO:0021953","central nervous system neuron differentiation","http://amigo.geneontology.org/amigo/term/GO:0021953",91,13,3.85253587157267,3.37440076701822,0.000105623649424569,0.0215736303949682,"2066;2560;3251;4133;4781;4915;5629;6095;9353;9839;64919;137970;161357","PROX1;ZEB2;MAP2;ERBB4;SLIT2;GABRB1;NFIB;NTRK2;MDGA2;RORA;UNC5D;BCL11B;HPRT1","Inhibitory","DOWN","FCD","BP"
"17","GO:0050808","synapse organization","http://amigo.geneontology.org/amigo/term/GO:0050808",265,22,6.88947293649666,3.19327765749046,1.19278483046159e-06,0.00097450520648712,"351;1826;2743;2823;3480;4644;4774;4915;7143;9378;10611;22854;22871;23284;23544;55906;57502;57689;83992;92737;120892;347731","NFIA;NRXN1;DNER;NLGN1;ADGRL3;PDLIM5;GPM6A;CTTNBP2;NTRK2;LRRTM3;LRRC4C;MYO5A;IGF1R;APP;DSCAM;NLGN4X;ZC4H2;NTNG1;TNR;GLRB;LRRK2;SEZ6L","OPC","DOWN","FCD","BP"
"18","GO:0061564","axon development","http://amigo.geneontology.org/amigo/term/GO:0061564",324,24,8.42335559028271,2.84922080550496,2.91408810104699e-06,0.00119040498927769,"214;323;351;655;1009;1826;2115;4133;4781;4915;5290;5578;5803;7143;8660;9378;10752;22854;23111;23242;23271;51062;56288;57689","CAMSAP2;NRXN1;MAP2;CHL1;ALCAM;PIK3CA;APBB2;COBL;NFIB;NTRK2;PARD3;LRRC4C;ATL1;CDH11;PRKCA;APP;DSCAM;NTNG1;TNR;PTPRZ1;SPART;IRS2;BMP7;ETV1","OPC","DOWN","FCD","BP"
"19","GO:0007626","locomotory behavior","http://amigo.geneontology.org/amigo/term/GO:0007626",114,13,2.96377326324762,4.38630045058,7.07264928945239e-06,0.0019261181564942,"238;351;1826;2743;3751;4045;4644;7143;10752;23284;23544;55636;120892","CHL1;LSAMP;ADGRL3;KCND2;CHD7;MYO5A;APP;DSCAM;TNR;GLRB;LRRK2;SEZ6L;ALK","OPC","DOWN","FCD","BP"
"20","GO:0048706","embryonic skeletal system development","http://amigo.geneontology.org/amigo/term/GO:0048706",47,8,1.22190652081262,6.5471456807348,2.36449642952996e-05,0.00482948395731495,"655;1301;4325;5087;5125;5396;6935;50515","PBX1;ZEB1;CHST11;COL11A1;MMP16;PCSK5;BMP7;PRRX1","OPC","DOWN","FCD","BP"
"21","GO:0010463","mesenchymal cell proliferation","http://amigo.geneontology.org/amigo/term/GO:0010463",17,5,0.441966188379031,11.3130826100932,5.39726950874453e-05,0.00881913837728856,"655;4781;5396;6935;8660","NFIB;ZEB1;IRS2;BMP7;PRRX1","OPC","DOWN","FCD","BP"
"22","GO:0098742","cell-cell adhesion via plasma-membrane adhesion molecules","http://amigo.geneontology.org/amigo/term/GO:0098742",122,12,3.17175735189658,3.78339156140822,7.12310590208487e-05,0.00969929587000556,"214;1008;1009;1826;9378;22854;22871;23284;23705;28316;57689;65217","NRXN1;ALCAM;NLGN1;ADGRL3;LRRC4C;CADM1;CDH11;CDH20;DSCAM;NTNG1;CDH10;PCDH15","OPC","DOWN","FCD","BP"
"23","GO:0035637","multicellular organismal signaling","http://amigo.geneontology.org/amigo/term/GO:0035637",93,10,2.41781503054411,4.13596568541042,0.000137383205374264,0.0160345826843963,"444;493;3709;3737;3751;4915;6328;6546;7143;10242","SLC8A1;KCND2;ASPH;NTRK2;ITPR2;KCNA2;TNR;ATP2B4;SCN3A;KCNMB2","OPC","DOWN","FCD","BP"
"24","GO:0097485","neuron projection guidance","http://amigo.geneontology.org/amigo/term/GO:0097485",156,13,4.05568972865464,3.20537340619308,0.000195888706071567,0.0200051341075588,"214;323;351;655;1826;2115;4781;5290;5578;7143;8660;9378;10752","NRXN1;CHL1;ALCAM;PIK3CA;APBB2;NFIB;PRKCA;APP;DSCAM;TNR;IRS2;BMP7;ETV1","OPC","DOWN","FCD","BP"
"25","GO:0030534","adult behavior","http://amigo.geneontology.org/amigo/term/GO:0030534",85,9,2.20983094189516,4.07270973963356,0.00033456868365267,0.0294747498032401,"238;351;2743;6506;9378;10752;23544;55636;57502","NRXN1;CHL1;CHD7;SLC1A2;APP;NLGN4X;GLRB;SEZ6L;ALK","OPC","DOWN","FCD","BP"
"26","GO:0035640","exploration behavior","http://amigo.geneontology.org/amigo/term/GO:0035640",14,4,0.363972155135673,10.9898516783763,0.000360768051447247,0.0294747498032401,"4045;7143;10752;120892","CHL1;LSAMP;TNR;LRRK2","OPC","DOWN","FCD","BP"
"27","GO:0048568","embryonic organ development","http://amigo.geneontology.org/amigo/term/GO:0048568",172,13,4.47165790595255,2.90719913584954,0.000509466620191135,0.0378394753360143,"655;677;1301;4325;5087;5125;5396;6935;23242;23414;50515;55636;56034","PBX1;COBL;CHD7;ZFPM2;ZEB1;CHST11;COL11A1;PDGFC;MMP16;PCSK5;ZFP36L1;BMP7;PRRX1","OPC","DOWN","FCD","BP"
"28","GO:0061448","connective tissue development","http://amigo.geneontology.org/amigo/term/GO:0061448",111,10,2.88577923000426,3.46526854723576,0.000585336071914133,0.0398516308961539,"655;1301;4781;5290;5396;6660;6935;7227;23111;50515","PIK3CA;TRPS1;NFIB;ZEB1;SOX5;CHST11;COL11A1;SPART;BMP7;PRRX1","OPC","DOWN","FCD","BP"
"29","GO:0034765","regulation of ion transmembrane transport","http://amigo.geneontology.org/amigo/term/GO:0034765",229,31,9.82497513851399,3.15522426906504,8.8235594386532e-09,7.20884806137967e-06,"40;773;774;776;1756;2257;2915;3756;4842;5311;6262;6328;6334;7057;8514;8911;9722;10369;22941;23072;54207;56660;80333;81831;81832;84502;90134;146395;154043;348980;729993","NOS1AP;KCNH1;RYR2;CACNA1D;FGF12;KCNIP4;PKD2;CNKSR3;KCNK10;DMD;KCNAB2;KCNK12;KCNH7;SCN3A;HCN1;HECW1;CACNA1B;SHANK2;GRM5;SCN8A;JPH4;SHISA9;GSG1L;NETO2;ASIC2;NETO1;CACNA1A;CACNG2;NOS1;THBS1;CACNA1I","Astro","UP","FCD","BP"
"30","GO:0042391","regulation of membrane potential","http://amigo.geneontology.org/amigo/term/GO:0042391",235,29,10.0823980679074,2.87629984500493,2.15013637117067e-07,8.78330707623221e-05,"40;409;598;773;774;776;1756;2257;2559;2892;2895;2902;2915;3756;6262;6328;6334;8911;9162;9699;9722;10369;22941;27345;57582;81832;90134;343450;348980","NOS1AP;KCNH1;RYR2;CACNA1D;FGF12;GRID2;DGKI;KCNMB4;BCL2L1;DMD;GRIA3;KCNT2;KCNH7;SCN3A;HCN1;RIMS2;KCNT1;GRIN1;CACNA1B;SHANK2;GRM5;SCN8A;ASIC2;NETO1;CACNA1A;CACNG2;GABRA6;ARRB2;CACNA1I","Astro","UP","FCD","BP"
"31","GO:0006814","sodium ion transport","http://amigo.geneontology.org/amigo/term/GO:0006814",115,18,4.93393948003978,3.6482004031097,1.58452687781807e-06,0.000431519486392455,"40;1756;2257;4842;5187;5311;6328;6334;6543;7226;9498;23072;26249;81831;81832;151258;154043;348980","FGF12;PKD2;KLHL3;CNKSR3;SLC4A8;PER1;DMD;SLC38A11;SCN3A;HCN1;HECW1;SCN8A;NETO2;ASIC2;NETO1;SLC8A2;TRPM2;NOS1","Astro","UP","FCD","BP"
"32","GO:0006813","potassium ion transport","http://amigo.geneontology.org/amigo/term/GO:0006813",117,17,5.01974712317091,3.38662478066452,8.76112132730533e-06,0.00178945903110211,"776;3756;4842;5311;8514;9722;27345;54207;56660;57582;64805;80333;81831;81832;90134;343450;348980","NOS1AP;KCNH1;CACNA1D;KCNIP4;PKD2;KCNMB4;KCNK10;KCNAB2;KCNT2;KCNK12;KCNH7;HCN1;KCNT1;NETO2;NETO1;P2RY12;NOS1","Astro","UP","FCD","BP"
"33","GO:0007215","glutamate receptor signaling pathway","http://amigo.geneontology.org/amigo/term/GO:0007215",71,12,3.04617133115499,3.93937132730156,4.10999399134138e-05,0.00671573018185181,"2892;2893;2895;2902;2915;10369;22941;81831;81832;146395;221955;729993","GRID2;GRIA4;GRIA3;GRIN1;SHANK2;GRM5;SHISA9;GSG1L;NETO2;NETO1;CACNG2;DAGLB","Astro","UP","FCD","BP"
"34","GO:0071402","cellular response to lipoprotein particle stimulus","http://amigo.geneontology.org/amigo/term/GO:0071402",19,6,0.815172609745703,7.36040432206344,0.000100254253713294,0.0136512875472936,"1012;3949;4864;6721;6850;9619","CDH13;NPC1;LDLR;ABCG1;SREBF2;SYK","Astro","UP","FCD","BP"
"35","GO:0032409","regulation of transporter activity","http://amigo.geneontology.org/amigo/term/GO:0032409",148,17,6.34976559170337,2.67726418471452,0.000185723898321166,0.0216766321326275,"776;1756;2257;2915;4842;5311;6262;9722;10369;22941;23072;81831;81832;84502;146395;154043;729993","NOS1AP;RYR2;CACNA1D;FGF12;PKD2;CNKSR3;DMD;HECW1;SHANK2;GRM5;JPH4;SHISA9;GSG1L;NETO2;NETO1;CACNG2;NOS1","Astro","UP","FCD","BP"
"36","GO:0014074","response to purine-containing compound","http://amigo.geneontology.org/amigo/term/GO:0014074",73,11,3.13197897428612,3.51215640025401,0.000248903134406619,0.025419232601276,"1373;5187;5311;5906;6262;6872;7010;7226;29904;64805;348980","RAP1A;RYR2;PKD2;PER1;TAF1;HCN1;EEF2K;TRPM2;TEK;P2RY12;CPS1","Astro","UP","FCD","BP"
"37","GO:0019932","second-messenger-mediated signaling","http://amigo.geneontology.org/amigo/term/GO:0019932",183,19,7.85139934649808,2.41995078348352,0.000298333023837527,0.0270820089416955,"1012;1756;2065;2274;2902;2915;3084;4842;5311;6262;6850;7057;7226;9699;9722;23266;59350;64805;84502","NOS1AP;RYR2;PKD2;ERBB3;CDH13;DMD;ADGRL2;FHL2;RXFP1;NRG1;RIMS2;GRIN1;GRM5;JPH4;TRPM2;P2RY12;SYK;NOS1;THBS1","Astro","UP","FCD","BP"
"38","GO:0010959","regulation of metal ion transport","http://amigo.geneontology.org/amigo/term/GO:0010959",187,19,8.02301463276034,2.36818713036087,0.000393267377894801,0.0321299447740053,"409;774;776;1756;2257;2902;4842;5187;5311;6262;8514;9722;23072;64805;80333;81831;81832;84502;154043","NOS1AP;RYR2;CACNA1D;FGF12;KCNIP4;PKD2;CNKSR3;PER1;DMD;KCNAB2;HECW1;GRIN1;CACNA1B;JPH4;NETO2;NETO1;P2RY12;NOS1;ARRB2","Astro","UP","FCD","BP"
"39","GO:0099177","regulation of trans-synaptic signaling","http://amigo.geneontology.org/amigo/term/GO:0099177",286,25,12.2704929677511,2.03740795628213,0.00051880710760277,0.038533218810133,"409;613;773;774;776;2895;2902;2915;5579;5906;6543;8224;9066;9148;9162;9699;10369;10755;22941;27345;81832;84502;85445;440279;729993","RAP1A;CACNA1D;GRID2;DGKI;KCNMB4;PRKCB;CNTNAP4;BCR;RIMS2;GRIN1;CACNA1B;NEURL1;SYT7;SHANK2;GRM5;JPH4;UNC13C;SHISA9;NETO1;CACNA1A;GIPC1;SLC8A2;SYN3;CACNG2;ARRB2","Astro","UP","FCD","BP"
"40","GO:0055094","response to lipoprotein particle","http://amigo.geneontology.org/amigo/term/GO:0055094",17,5,0.729364966614576,6.85527853525516,0.000568209027259958,0.0386855646059488,"1012;3949;4864;6721;6850","CDH13;NPC1;LDLR;SREBF2;SYK","Astro","UP","FCD","BP"
"41","GO:0007215","glutamate receptor signaling pathway","http://amigo.geneontology.org/amigo/term/GO:0007215",71,23,6.60676232419378,3.48128158262552,4.67991183583649e-08,3.82348796987841e-05,"1612;2891;2892;2894;2898;2899;2901;2903;2904;2906;2915;2917;9456;10368;10891;22941;23025;50944;80315;81831;149111;221955;729993","GRM7;GRIA2;CPEB4;GRIK2;GRID1;GRIN2B;GRIN2A;GRIA3;GRIK3;CNIH3;PPARGC1A;HOMER1;DAPK1;SHANK2;GRM5;SHISA9;CACNG3;NETO2;UNC13A;GRIK5;GRIN2D;DAGLB;SHANK1","Endo","UP","FCD","BP"
"42","GO:0042391","regulation of membrane potential","http://amigo.geneontology.org/amigo/term/GO:0042391",235,48,21.8674527631766,2.19504304044177,9.91825623852804e-08,4.05160767343871e-05,"40;598;773;774;776;2556;2562;2892;2898;2899;2901;2903;2904;2906;2915;2932;3725;3756;3778;3781;3786;4897;5071;5172;5590;5663;5774;6262;6328;6335;6547;7224;9162;9699;9722;10458;22941;22997;22999;23316;23613;27133;50944;55607;57582;84275;116369;149111","NOS1AP;KCNH1;RYR2;CACNA1D;GSK3B;RIMS1;GRIK2;PRKN;PPP1R9A;NRCAM;DGKI;KCNQ3;KCNMA1;GRIN2B;PSEN1;GRIN2A;BCL2L1;ZMYND8;GRIA3;PRKCZ;SLC25A33;GRIK3;CNIH3;SCN3A;SCN9A;KCNN2;RIMS2;KCNT1;CACNA1B;SHANK2;GRM5;CUX2;KCNH5;SLC8A3;GABRB3;ASIC2;BAIAP2;CACNA1A;GRIK5;TRPC5;JUN;IGSF9B;GRIN2D;SLC26A8;SLC26A4;PTPN3;SHANK1;GABRA3","Endo","UP","FCD","BP"
"43","GO:0035249","synaptic transmission, glutamatergic","http://amigo.geneontology.org/amigo/term/GO:0035249",67,20,6.23455036226737,3.20792981656603,1.5416436860427e-06,0.000419840963832296,"1006;1956;2891;2894;2898;2899;2901;2915;2917;5071;5663;9162;9456;10368;22941;23025;50944;53358;149111;440279","GRM7;GRIA2;GRIK2;PRKN;DGKI;GRID1;PSEN1;CDH8;GRIK3;CNIH3;HOMER1;SHC3;SHANK2;GRM5;UNC13C;CACNG3;UNC13A;GRIK5;EGFR;SHANK1","Endo","UP","FCD","BP"
"44","GO:0099177","regulation of trans-synaptic signaling","http://amigo.geneontology.org/amigo/term/GO:0099177",286,51,26.6131552777383,1.91634548657449,3.13118324934969e-06,0.000639544178679674,"321;673;760;773;774;776;1956;2894;2898;2899;2901;2903;2904;2906;2915;2917;2932;5071;5577;5590;5663;6543;6547;8224;9066;9148;9162;9456;9515;9590;9699;10059;10368;10458;10718;11252;22849;22941;22986;22997;22999;23025;23316;23613;26037;50944;55607;57497;84628;440279;729993","GRM7;CACNA1D;GSK3B;STXBP5L;RIMS1;GRIK2;PRKN;PPP1R9A;DGKI;BRAF;CA2;NRG3;GRID1;CPEB3;GRIN2B;DNM1L;SIPA1L1;PSEN1;APBA2;GRIN2A;ZMYND8;PACSIN2;PRKCZ;GRIK3;HOMER1;LRFN2;AKAP12;RIMS2;CACNA1B;NEURL1;SORCS3;SYT7;SHANK2;GRM5;CUX2;SLC8A3;UNC13C;SHISA9;CACNG3;BAIAP2;CACNA1A;UNC13A;GRIK5;SLC8A2;SYN3;EGFR;NTNG2;IGSF9B;GRIN2D;PRKAR2B;SHANK1","Endo","UP","FCD","BP"
"45","GO:0099565","chemical synaptic transmission, postsynaptic","http://amigo.geneontology.org/amigo/term/GO:0099565",61,18,5.67623241937775,3.1711175071956,6.16487380811215e-06,0.00100734038024552,"2562;2898;2901;2903;2904;2906;2932;5590;9162;9699;10458;22941;22997;22999;23316;23613;50944;55607","GSK3B;RIMS1;GRIK2;PPP1R9A;DGKI;GRIN2B;GRIN2A;ZMYND8;PRKCZ;RIMS2;SHANK2;CUX2;GABRB3;BAIAP2;GRIK5;IGSF9B;GRIN2D;SHANK1","Endo","UP","FCD","BP"
"46","GO:0050890","cognition","http://amigo.geneontology.org/amigo/term/GO:0050890",179,35,16.6564852962068,2.10128363682886,1.52895516067897e-05,0.00208192727712453,"378;577;673;814;1620;1956;2334;2353;2903;2904;2915;3725;3949;5048;5071;5577;5590;5663;6543;6547;6833;7832;8301;8997;9162;9980;22849;22941;22986;23316;50944;53358;54207;84630;114781","ARF4;BTBD9;ADGRB3;PRKN;DGKI;BRAF;CPEB3;PICALM;GRIN2B;PSEN1;KCNK10;GRIN2A;PAFAH1B1;LDLR;PRKCZ;KALRN;CAMK4;TTBK1;SHC3;BRINP1;SORCS3;ABCC8;SHANK2;GRM5;CUX2;SLC8A3;SLC8A2;DOP1B;AFF2;JUN;EGFR;BTG2;PRKAR2B;FOS;SHANK1","Endo","UP","FCD","BP"
"47","GO:0016358","dendrite development","http://amigo.geneontology.org/amigo/term/GO:0016358",174,32,16.1912203437988,1.97637974905677,0.000121490097129806,0.0128965686865619,"378;577;2932;4135;5048;5063;5663;5789;6792;7224;8301;8609;8997;9148;9201;10059;10458;10611;22849;22906;22941;23072;23098;23105;23316;23613;26037;50944;53335;55607;57626;85442","KLF7;ARF4;GSK3B;PDLIM5;ADGRB3;PPP1R9A;PTPRD;CPEB3;PICALM;DNM1L;DCLK1;SIPA1L1;PSEN1;PAFAH1B1;ZMYND8;CDKL5;PAK3;BCL11A;TRAK1;KALRN;FSTL4;HECW1;NEURL1;KNDC1;SHANK2;MAP6;CUX2;BAIAP2;TRPC5;SARM1;KLHL1;SHANK1","Endo","UP","FCD","BP"
"48","GO:0044331","cell-cell adhesion mediated by cadherin","http://amigo.geneontology.org/amigo/term/GO:0044331",28,10,2.60548373348487,3.83805888767721,0.000126282190321292,0.0128965686865619,"1001;1003;1005;1006;1007;1008;1012;1016;28984;64405","RGCC;CDH8;CDH13;CDH18;CDH10;CDH9;CDH3;CDH22;CDH7;CDH5","Endo","UP","FCD","BP"
"49","GO:0050803","regulation of synapse structure or activity","http://amigo.geneontology.org/amigo/term/GO:0050803",149,28,13.8648955817588,2.01948870331472,0.000219104871845954,0.0185516006214117,"40;378;577;1006;2904;4897;5048;5063;5789;6092;6585;6792;8997;9148;9456;10059;10458;10611;23316;23613;26037;26280;55607;57497;84628;145581;158038;375323","ARF4;ROBO2;PDLIM5;ADGRB3;PPP1R9A;NRCAM;PTPRD;GRIN2B;DNM1L;SIPA1L1;CDH8;PAFAH1B1;ZMYND8;CDKL5;PAK3;KALRN;HOMER1;LRFN2;LINGO2;SLIT1;NEURL1;CUX2;LRFN5;ASIC2;BAIAP2;IL1RAPL2;NTNG2;LHFPL4","Endo","UP","FCD","BP"
"50","GO:0010975","regulation of neuron projection development","http://amigo.geneontology.org/amigo/term/GO:0010975",334,51,31.0796988208552,1.64094254239612,0.000229002358067776,0.0185516006214117,"577;673;2889;2932;3475;4135;4897;5048;5063;5071;5362;5584;5663;5789;6092;6792;7224;8437;8997;9024;9148;9699;10059;10154;10458;10611;22849;22906;22941;22999;23025;23072;23098;23105;23108;23258;23316;23613;26037;50944;51761;53335;55607;55714;57142;57154;57554;57688;85442;146760;257194","LRRC7;NEGR1;RTN4;ROBO2;GSK3B;PRKCI;PDLIM5;TENM3;ZSWIM6;ADGRB3;RIMS1;PRKN;PPP1R9A;SMURF1;NRCAM;BRAF;PTPRD;RAPGEF1;CPEB3;DENND5A;DNM1L;RASAL1;ATP8A2;SIPA1L1;PSEN1;PAFAH1B1;ZMYND8;CDKL5;PAK3;PLXNA2;BCL11A;TRAK1;KALRN;FSTL4;HECW1;RIMS2;NEURL1;KNDC1;BRSK2;SHANK2;MAP6;CUX2;RTN4RL1;RAP1GAP2;BAIAP2;UNC13A;TRPC5;IFRD1;SARM1;PLXNC1;SHANK1","Endo","UP","FCD","BP"
"51","GO:0050769","positive regulation of neurogenesis","http://amigo.geneontology.org/amigo/term/GO:0050769",285,45,26.5201022872567,1.69682603455203,0.000249776752552666,0.0185516006214117,"654;673;1453;1620;2889;4135;4897;5048;5063;5071;5362;5584;5663;5789;6009;6092;6792;7224;8437;8997;9043;9148;9699;10059;10154;10458;22849;22906;22941;22999;23025;23060;23316;23613;50944;51761;55607;55714;57154;57554;57795;84630;221336;257194;402117","LRRC7;NEGR1;ROBO2;PRKCI;TENM3;RIMS1;PRKN;PPP1R9A;SMURF1;NRCAM;BRAF;PTPRD;RAPGEF1;CPEB3;DNM1L;RASAL1;ATP8A2;PSEN1;ZNF609;PAFAH1B1;SPAG9;CSNK1D;ZMYND8;CDKL5;PAK3;BRINP2;PLXNA2;VWC2L;TRAK1;KALRN;TTBK1;BEND6;RIMS2;BRINP1;NEURL1;SHANK2;MAP6;CUX2;BAIAP2;UNC13A;TRPC5;BMP6;RHEB;PLXNC1;SHANK1","Endo","UP","FCD","BP"
"52","GO:0031346","positive regulation of cell projection organization","http://amigo.geneontology.org/amigo/term/GO:0031346",246,40,22.8910356584742,1.74740892447092,0.000295548631252918,0.0201219359778028,"673;2889;4135;5048;5063;5071;5362;5584;5663;5789;6092;6792;7224;8437;8874;8997;9148;9699;10059;10154;10458;22849;22906;22941;22999;23025;23316;23603;23613;50944;51761;55604;55607;55714;57154;57451;57554;57787;89795;257194","LRRC7;NEGR1;ROBO2;PRKCI;TENM3;TENM2;RIMS1;PRKN;PPP1R9A;SMURF1;BRAF;PTPRD;RAPGEF1;CPEB3;DNM1L;NAV3;CORO1C;RASAL1;ATP8A2;ARHGEF7;PSEN1;PAFAH1B1;MARK4;ZMYND8;CDKL5;PAK3;PLXNA2;TRAK1;KALRN;CARMIL1;RIMS2;NEURL1;SHANK2;MAP6;CUX2;BAIAP2;UNC13A;TRPC5;PLXNC1;SHANK1","Endo","UP","FCD","BP"
"53","GO:0050808","synapse organization","http://amigo.geneontology.org/amigo/term/GO:0050808",265,42,24.6590424776247,1.70322915166355,0.000368561699068959,0.0231626852414876,"40;378;577;1006;1007;2904;2915;4628;4897;5048;5063;5663;5789;6092;6585;6792;8997;9148;9456;9722;10059;10458;10611;22941;22997;23025;23316;23613;26037;26059;26280;50944;53942;55607;57497;58512;84623;84628;145581;158038;375323;440279","NOS1AP;ERC2;ARF4;ROBO2;PDLIM5;ADGRB3;PPP1R9A;NRCAM;PTPRD;KIRREL3;GRIN2B;DNM1L;SIPA1L1;PSEN1;CDH8;PAFAH1B1;ZMYND8;CDKL5;PAK3;DLGAP3;KALRN;CDH9;HOMER1;LRFN2;LINGO2;SLIT1;NEURL1;SHANK2;GRM5;CNTN5;CUX2;LRFN5;UNC13C;MYH10;ASIC2;BAIAP2;UNC13A;IL1RAPL2;NTNG2;LHFPL4;IGSF9B;SHANK1","Endo","UP","FCD","BP"
"54","GO:0051648","vesicle localization","http://amigo.geneontology.org/amigo/term/GO:0051648",219,36,20.3786049154709,1.76655861131444,0.000475422296970951,0.0254364609324122,"321;673;776;1001;1453;2901;2932;5048;5071;5590;5663;5874;6854;8224;8729;9024;9066;9162;9371;9493;9515;9699;10059;22906;22999;23025;23095;23243;26059;54820;55686;93664;114088;129880;149111;440279","KIF1B;MREG;ANKRD28;CACNA1D;ERC2;GSK3B;STXBP5L;RIMS1;PRKN;DGKI;BRAF;GBF1;DNM1L;TRIM9;PSEN1;APBA2;NDE1;PAFAH1B1;CSNK1D;KIF3B;PRKCZ;CNIH3;BBS5;SYN2;TRAK1;CADPS2;RIMS2;BRSK2;SYT7;UNC13C;CDH3;RAB27B;UNC13A;GRIK5;SYN3;KIF23","Endo","UP","FCD","BP"
"55","GO:0043087","regulation of GTPase activity","http://amigo.geneontology.org/amigo/term/GO:0043087",302,46,28.102003125444,1.63689398918154,0.000489309201269439,0.0254364609324122,"577;2889;2932;3268;3725;4650;4739;5048;5362;5799;5909;6000;6001;6792;8301;8394;8437;8874;8997;9135;9162;9462;9515;9605;9712;9743;9882;9901;9938;10059;10154;10297;10982;23092;23108;23158;23603;23637;26037;26086;26575;51429;84253;90627;121512;153020","RASAL2;RGS7;SRGAP3;GSK3B;STXBP5L;ARHGAP26;ADGRB3;SNX9;DGKI;RABGAP1;GARNL3;RAPGEF1;PICALM;ARHGAP32;FGD4;DNM1L;CORO1C;RASAL1;STARD13;TBC1D4;ARHGEF7;SIPA1L1;VPS9D1;PAFAH1B1;RABEP1;MAPRE2;MYO9B;CDKL5;RAP1GAP;PIP5K1A;PLXNA2;KALRN;RASGEF1B;TBC1D9;RGS17;AGFG2;PTPRN2;USP6NL;RAP1GAP2;JUN;NEDD9;APC2;ARHGAP25;RGS10;GPSM1;PLXNC1","Endo","UP","FCD","BP"
"56","GO:0106027","neuron projection organization","http://amigo.geneontology.org/amigo/term/GO:0106027",70,16,6.51370933371217,2.45635768811341,0.00054552386982254,0.0254364609324122,"2904;2932;5048;5063;5663;8997;9456;10059;10458;10611;22941;23316;23613;26037;50944;55607","GSK3B;PDLIM5;PPP1R9A;GRIN2B;DNM1L;SIPA1L1;PSEN1;PAFAH1B1;ZMYND8;PAK3;KALRN;HOMER1;SHANK2;CUX2;BAIAP2;SHANK1","Endo","UP","FCD","BP"
"57","GO:0023061","signal release","http://amigo.geneontology.org/amigo/term/GO:0023061",237,38,22.0535587441398,1.72307791413019,0.000552296285414311,0.0254364609324122,"301;321;654;673;773;774;776;1407;1956;2029;2901;2932;5071;5663;5799;6833;6854;8224;8609;8864;8874;8997;9024;9066;9162;9515;9699;9727;10059;22999;23025;26059;55512;55607;93664;114088;387597;440279","KLF7;CACNA1D;ERC2;GSK3B;STXBP5L;RIMS1;PRKN;PPP1R9A;DGKI;BRAF;DNM1L;CRY1;ARHGEF7;TRIM9;PSEN1;APBA2;RAB11FIP3;ENSA;ILDR2;SYN2;KALRN;CADPS2;PTPRN2;RIMS2;CACNA1B;BRSK2;ABCC8;SYT7;UNC13C;SMPD3;CACNA1A;UNC13A;GRIK5;SYN3;BMP6;EGFR;ANXA1;PER2","Endo","UP","FCD","BP"
"58","GO:0034765","regulation of ion transmembrane transport","http://amigo.geneontology.org/amigo/term/GO:0034765",229,37,21.309134820287,1.73634454481816,0.000560411623969914,0.0254364609324122,"40;773;774;776;1612;2915;3756;3763;3778;3781;3785;3786;5663;5774;6262;6328;6335;6833;8864;9456;9722;10368;10891;22941;23072;25932;27133;30818;50944;54207;56479;56660;65268;80333;81831;149111;729993","CLIC4;NOS1AP;KCNH1;RYR2;CACNA1D;KCNIP4;KCNQ3;KCNMA1;PSEN1;KCNK10;CNIH3;KCNK12;KCNIP3;SCN3A;SCN9A;PPARGC1A;HOMER1;KCNN2;KCNQ5;HECW1;DAPK1;WNK2;CACNA1B;ABCC8;SHANK2;GRM5;KCNH5;SHISA9;CACNG3;NETO2;ASIC2;CACNA1A;KCNQ2;KCNJ6;PER2;PTPN3;SHANK1","Endo","UP","FCD","BP"
"59","GO:0022604","regulation of cell morphogenesis","http://amigo.geneontology.org/amigo/term/GO:0022604",315,47,29.3116920017048,1.60345571307403,0.000679571473138019,0.0290489120831472,"301;390;577;673;2932;3475;4135;4628;4739;4897;5048;5063;5071;5362;5663;5789;6092;6792;7224;8437;8874;8997;9024;9699;10059;10154;10458;10611;22906;22999;23025;23072;23098;23105;23316;23603;26037;53335;54870;55604;55607;57142;57154;57619;57688;85442;121512","RTN4;ROBO2;GSK3B;PDLIM5;ZSWIM6;ADGRB3;RIMS1;PRKN;PPP1R9A;SMURF1;NRCAM;BRAF;PTPRD;FGD4;DNM1L;CORO1C;RASAL1;ARHGEF7;SIPA1L1;PSEN1;PAFAH1B1;CDKL5;PAK3;PLXNA2;BCL11A;TRAK1;QRICH1;KALRN;SHROOM3;FSTL4;CARMIL1;HECW1;RIMS2;KNDC1;BRSK2;MAP6;CUX2;MYH10;BAIAP2;UNC13A;TRPC5;NEDD9;IFRD1;SARM1;RND3;ANXA1;PLXNC1","Endo","UP","FCD","BP"
"60","GO:0048854","brain morphogenesis","http://amigo.geneontology.org/amigo/term/GO:0048854",23,8,2.14021878107686,3.7379356123465,0.000744392265776161,0.0290489120831472,"2309;5048;5663;6585;10000;22941;50944;57282","AKT3;FOXO3;PSEN1;PAFAH1B1;SLC4A10;SLIT1;SHANK2;SHANK1","Endo","UP","FCD","BP"
"61","GO:0098742","cell-cell adhesion via plasma-membrane adhesion molecules","http://amigo.geneontology.org/amigo/term/GO:0098742",122,23,11.3524648387555,2.0259917407083,0.000746667262847112,0.0290489120831472,"1001;1003;1005;1006;1007;1008;1012;1016;5310;5789;5801;6092;10686;11122;22997;55714;57451;64405;84623;84628;91624;120114;145581","ROBO2;TENM3;TENM2;PTPRD;KIRREL3;CDH8;CDH13;PTPRT;NEXN;CDH18;CDH10;CDH9;FAT3;PTPRR;LRFN5;PKD1;CDH3;CDH22;NTNG2;IGSF9B;CDH7;CLDN16;CDH5","Endo","UP","FCD","BP"
"62","GO:0043087","regulation of GTPase activity","http://amigo.geneontology.org/amigo/term/GO:0043087",302,49,20.8941611024293,2.34515278023308,1.08133999532356e-08,8.83454776179349e-06,"29;395;399;1794;2185;3071;4916;5362;5592;5799;5906;5996;6000;6001;6242;7410;8829;8997;9459;9462;9515;9628;9712;9882;9910;9912;9938;23092;23108;23143;23216;23380;23654;25771;55160;55843;57514;57533;58504;64744;79658;79890;81565;81704;81846;83478;89846;125058;221472","SMAP2;RAP1A;RABGAP1L;RASAL2;SRGAP2;RGS7;RTKN;ARHGAP15;STXBP5L;TBC1D1;ARHGAP24;ARHGAP26;ARHGAP22;SBF2;LRCH1;TBC1D4;ABR;NDEL1;TBC1D22A;ARHGAP6;PLXNA2;KALRN;TBC1D14;ARHGAP10;PTPRN2;PTK2B;USP6NL;NRP1;PRKG1;RGS6;NTRK3;RAP1GAP2;ARHGAP44;ARHGAP31;ARHGEF6;TBC1D16;RGS1;ARHGAP25;DOCK2;FGD2;DOCK8;RGS10;NCKAP1L;RIN3;ARHGEF10L;VAV2;RHOH;FGD3;PLXNB2","Oligo","UP","FCD","BP"
"63","GO:0032103","positive regulation of response to external stimulus","http://amigo.geneontology.org/amigo/term/GO:0032103",118,24,8.16394374200881,2.93975568162044,1.24658471101213e-06,0.000509229854448456,"718;719;972;1012;1826;2185;3071;3606;3949;4088;4916;5054;5155;7040;7097;8723;8829;9450;23765;55601;57118;64805;81565;196527","SNX4;CAMK1D;SMAD3;CDH13;NDEL1;LDLR;DSCAM;PTK2B;NRP1;ANO6;NTRK3;P2RY12;TLR2;CD74;LY86;IL18;NCKAP1L;C3;TGFB1;IL17RA;PDGFB;DDX60;SERPINE1;C3AR1","Oligo","UP","FCD","BP"
"64","GO:0035637","multicellular organismal signaling","http://amigo.geneontology.org/amigo/term/GO:0035637",93,20,6.43429464412559,3.1083438210682,3.93727489389484e-06,0.00107225119610403,"775;776;783;2257;2898;3751;3784;4205;4897;4916;5144;6261;6262;6328;6335;6546;7143;10242;27091;27345","RYR2;SLC8A1;CACNA1D;FGF12;PDE4D;GRIK2;NRCAM;KCND2;CACNB2;CACNA1C;KCNMB4;MEF2A;TNR;SCN3A;SCN9A;KCNMB2;NTRK3;RYR1;KCNQ1;CACNG5","Oligo","UP","FCD","BP"
"65","GO:0034765","regulation of ion transmembrane transport","http://amigo.geneontology.org/amigo/term/GO:0034765",229,35,15.8435857366103,2.20909588156703,6.11369051162214e-06,0.00124872128699882,"40;773;774;775;776;783;1520;2185;2257;2259;3751;3756;3778;3779;3784;3786;4067;5144;6262;6328;6335;6546;7040;7402;10891;23072;27091;30820;54207;55799;57628;65268;80333;196527;729993","KCNH1;RYR2;SLC8A1;DPP10;CACNA1D;CACNA2D3;FGF12;KCNIP4;PDE4D;KCNIP1;KCND2;KCNQ3;CACNB2;KCNMA1;CACNA1C;FGF14;KCNK10;SCN3A;SCN9A;PPARGC1A;UTRN;HECW1;PTK2B;WNK2;CACNA1B;ANO6;SHISA9;ASIC2;CACNA1A;LYN;CTSS;KCNQ1;TGFB1;CACNG5;KCNMB1","Oligo","UP","FCD","BP"
"66","GO:0050900","leukocyte migration","http://amigo.geneontology.org/amigo/term/GO:0050900",166,28,11.4848700099446,2.43799015363301,8.07620250786734e-06,0.00131965148978552,"29;719;972;1843;2185;2683;3055;3071;3635;3675;3680;4067;4973;5054;5144;5155;5627;6093;6850;7040;7226;10461;23143;23765;57118;64805;81704;196527","PDE4D;CAMK1D;LRCH1;ABR;ROCK1;ITGA9;PROS1;PTK2B;ANO6;TRPM2;MERTK;INPP5D;DUSP1;B4GALT1;LYN;P2RY12;CD74;DOCK8;SYK;NCKAP1L;TGFB1;HCK;IL17RA;PDGFB;SERPINE1;C3AR1;OLR1;ITGA3","Oligo","UP","FCD","BP"
"67","GO:0042391","regulation of membrane potential","http://amigo.geneontology.org/amigo/term/GO:0042391",235,35,16.2587015201023,2.15269343352702,1.09803982317747e-05,0.00149516422589332,"40;773;774;775;776;783;2185;2257;2259;2559;2567;2890;2898;2899;2901;3751;3756;3776;3778;3784;3786;4897;4916;6262;6328;6335;6546;9378;10242;22997;27345;54434;54532;57502;57582","KCNH1;RYR2;SLC8A1;NRXN1;CACNA1D;FGF12;GRIK2;NRCAM;KCND2;KCNQ3;CACNB2;KCNMA1;CACNA1C;KCNMB4;SSH1;FGF14;NLGN4X;GRIK3;SCN3A;SCN9A;KCNMB2;GRIA1;PTK2B;KCNT1;CACNA1B;GABRG3;NTRK3;ASIC2;CACNA1A;GRIK5;USP53;KCNQ1;IGSF9B;KCNK2;GABRA6","Oligo","UP","FCD","BP"
"68","GO:0003013","circulatory system process","http://amigo.geneontology.org/amigo/term/GO:0003013",213,32,14.7366103139651,2.17146272570398,2.20106093610228e-05,0.00241845038074759,"29;40;719;774;775;776;783;1131;1285;2257;2313;3274;3779;3784;4088;4205;4973;5144;5155;5286;5592;6261;6262;6546;7040;10242;10659;11214;26509;27345;64167;137868","RYR2;CHRM3;SLC8A1;CACNA1D;FGF12;PDE4D;SGCZ;CELF2;CACNB2;PIK3C2A;FLI1;CACNA1C;KCNMB4;SMAD3;AKAP13;MEF2A;ABR;KCNMB2;HRH2;CACNA1B;PRKG1;ASIC2;COL4A3;MYOF;RYR1;KCNQ1;TGFB1;PDGFB;ERAP2;KCNMB1;C3AR1;OLR1","Oligo","UP","FCD","BP"
"69","GO:1903034","regulation of response to wounding","http://amigo.geneontology.org/amigo/term/GO:1903034",72,16,4.98138940190368,3.21195528177048,2.3681276678067e-05,0.00241845038074759,"4067;4088;4916;5054;5155;5156;5592;5627;6239;6850;7048;7143;8428;81565;146760;196527","TGFBR2;SMAD3;NDEL1;TNR;PROS1;PDGFRA;PRKG1;ANO6;STK24;NTRK3;RTN4RL1;RREB1;LYN;SYK;PDGFB;SERPINE1","Oligo","UP","FCD","BP"
"70","GO:0031532","actin cytoskeleton reorganization","http://amigo.geneontology.org/amigo/term/GO:0031532",58,14,4.01278590708908,3.48884797847483,2.8542279813526e-05,0.00259100473418341,"1436;2185;2934;3055;3059;4916;5156;7040;7226;8829;23607;64098;84168;221692","PHACTR1;GSN;ANTXR1;PDGFRA;CD2AP;PTK2B;NRP1;NTRK3;TRPM2;HCLS1;CSF1R;TGFB1;HCK;PARVG","Oligo","UP","FCD","BP"
"71","GO:0006813","potassium ion transport","http://amigo.geneontology.org/amigo/term/GO:0006813",117,21,8.09475777809348,2.59427157373769,4.28808675564385e-05,0.00343869526743853,"776;2185;3751;3756;3776;3778;3779;3784;3786;6507;10242;27345;30820;54207;57419;57582;57628;64805;65268;80333;196527","KCNH1;DPP10;CACNA1D;KCNIP4;SLC1A3;KCNIP1;KCND2;KCNQ3;KCNMA1;KCNMB4;KCNK10;KCNMB2;PTK2B;WNK2;KCNT1;ANO6;SLC24A3;P2RY12;KCNQ1;KCNK2;KCNMB1","Oligo","UP","FCD","BP"
"72","GO:0050920","regulation of chemotaxis","http://amigo.geneontology.org/amigo/term/GO:0050920",92,18,6.36510868021026,2.82791715025444,4.64010451841634e-05,0.00343869526743853,"719;972;1012;1826;1843;2185;3071;4067;4088;4916;5054;5155;5156;7040;8829;57118;64805;196527","CAMK1D;SMAD3;CDH13;DSCAM;PDGFRA;PTK2B;NRP1;ANO6;NTRK3;DUSP1;LYN;P2RY12;CD74;NCKAP1L;TGFB1;PDGFB;SERPINE1;C3AR1","Oligo","UP","FCD","BP"
"73","GO:0002521","leukocyte differentiation","http://amigo.geneontology.org/amigo/term/GO:0002521",212,31,14.6674243500497,2.11352717833482,5.05071520309208e-05,0.00343869526743853,"399;558;639;972;1316;1436;1794;1958;2185;3059;3071;3606;3635;4067;4853;5452;5788;6850;6935;7040;7048;7097;7226;9730;9760;10320;10461;79705;130733;133522;139716","TGFBR2;DCAF1;ZEB1;TMEM178A;PPARGC1B;PTK2B;TOX;LRRK1;POU2F2;TRPM2;MERTK;INPP5D;KLF6;NOTCH2;LYN;PTPRC;HCLS1;TLR2;CSF1R;CD74;DOCK2;IKZF1;SYK;IL18;NCKAP1L;TGFB1;GAB3;RHOH;EGR1;PRDM1;AXL","Oligo","UP","FCD","BP"
"74","GO:0098742","cell-cell adhesion via plasma-membrane adhesion molecules","http://amigo.geneontology.org/amigo/term/GO:0098742",122,21,8.44068759767012,2.48794896825664,8.10409833327252e-05,0.00509311410637204,"1010;1012;1016;1826;3556;5793;5801;5819;7048;9378;11122;22854;22997;23022;23654;26011;57451;65217;84966;133418;221935","NRXN1;TGFBR2;TENM2;SDK1;TENM4;CDH13;PTPRT;DSCAM;IGSF21;NTNG1;PTPRG;IL1RAP;PALLD;CDH18;CDH12;PCDH15;PTPRR;EMB;IGSF9B;NECTIN2;PLXNB2","Oligo","UP","FCD","BP"
"75","GO:0050866","negative regulation of cell activation","http://amigo.geneontology.org/amigo/term/GO:0050866",77,15,5.32731922148032,2.81567508466892,0.000207660879591565,0.0121184956161649,"29;558;972;3635;3949;4067;5155;5156;5592;5788;7040;9306;10461;57162;64092","PELI1;ABR;SOCS6;LDLR;PDGFRA;PRKG1;MERTK;INPP5D;LYN;PTPRC;CD74;TGFB1;SAMSN1;PDGFB;AXL","Oligo","UP","FCD","BP"
"76","GO:0006909","phagocytosis","http://amigo.geneontology.org/amigo/term/GO:0006909",141,22,9.75522091206137,2.25520264464736,0.0002446223746978,0.0133237653418735,"29;558;718;1794;2934;3055;3071;4067;5788;5906;6556;6850;7040;7097;7410;9936;9938;10163;10461;23191;57118;196527","WASF2;RAP1A;GSN;CAMK1D;CYFIP1;ABR;ANO6;MERTK;LYN;PTPRC;ARHGAP25;SLC11A1;TLR2;DOCK2;SYK;NCKAP1L;C3;TGFB1;HCK;VAV2;CD302;AXL","Oligo","UP","FCD","BP"
"77","GO:0060348","bone development","http://amigo.geneontology.org/amigo/term/GO:0060348",99,17,6.84941042761756,2.48196544500446,0.000392884488395695,0.0191222304223087,"1112;2313;4325;4853;5788;6261;6497;7040;7048;9249;10163;11214;55790;56034;79705;85301;196527","WASF2;TGFBR2;CSGALNACT1;FLI1;FOXN3;AKAP13;SKI;PDGFC;MMP16;ANO6;LRRK1;DHRS3;NOTCH2;COL27A1;RYR1;PTPRC;TGFB1","Oligo","UP","FCD","BP"
"78","GO:0051056","regulation of small GTPase mediated signal transduction","http://amigo.geneontology.org/amigo/term/GO:0051056",227,30,15.7052138087797,1.91019366977539,0.000415907519488057,0.0191222304223087,"29;395;399;3675;4067;4853;7410;8829;8997;9265;9459;9912;9938;10160;11214;23092;23101;23108;23268;23380;23607;51196;55160;55843;57514;58504;79658;83478;89846;221472","SRGAP2;ARHGAP15;MCF2L2;ARHGAP24;ARHGAP26;ARHGAP22;AKAP13;ABR;ARHGAP6;KALRN;ARHGAP10;CD2AP;CYTH3;NRP1;FARP1;RAP1GAP2;ARHGAP44;ARHGAP31;PLCE1;ARHGEF6;NOTCH2;LYN;ARHGAP25;FGD2;ARHGEF10L;VAV2;DNMBP;RHOH;FGD3;ITGA3","Oligo","UP","FCD","BP"
"79","GO:0097581","lamellipodium organization","http://amigo.geneontology.org/amigo/term/GO:0097581",57,12,3.94359994317375,3.04290500378256,0.000421297610283422,0.0191222304223087,"1012;6239;7410;7414;8440;9459;10163;23191;23380;54434;55604;64805","WASF2;SRGAP2;SSH1;CYFIP1;CDH13;NCK2;CARMIL1;VCL;ARHGEF6;RREB1;P2RY12;VAV2","Oligo","UP","FCD","BP"
"80","GO:0036230","granulocyte activation","http://amigo.geneontology.org/amigo/term/GO:0036230",232,30,16.0511436283563,1.86902570275437,0.000603163386358574,0.0259360256134187,"29;718;719;963;1520;1794;2683;2934;3071;3606;4033;4973;5788;5799;5906;6093;6556;6850;7097;7226;7414;8635;10533;11031;23191;23406;79895;81619;196527;326624","RAP1A;ATG7;RNASET2;GSN;CYFIP1;ABR;RAB31;ROCK1;PTPRN2;VCL;TSPAN14;LRMP;ANO6;ATP8B4;TRPM2;B4GALT1;CD53;CTSS;PTPRC;SLC11A1;TLR2;DOCK2;SYK;IL18;NCKAP1L;COTL1;C3;C3AR1;OLR1;RAB37","Oligo","UP","FCD","BP"
"81","GO:0048771","tissue remodeling","http://amigo.geneontology.org/amigo/term/GO:0048771",68,13,4.70464554624236,2.76322623505254,0.000657186462234005,0.0263118622005541,"29;558;1436;2185;3606;3635;4853;6093;6850;7040;10461;79705;133522","ABR;ROCK1;PPARGC1B;PTK2B;LRRK1;MERTK;INPP5D;NOTCH2;CSF1R;SYK;IL18;TGFB1;AXL","Oligo","UP","FCD","BP"
"82","GO:0045785","positive regulation of cell adhesion","http://amigo.geneontology.org/amigo/term/GO:0045785",182,25,12.5918454325899,1.98541191867681,0.000701753762979873,0.0263118622005541,"463;972;1012;2185;3071;3606;3675;4067;4088;5788;6093;6239;6850;7040;7048;7402;8440;8829;9265;54518;55604;64805;81704;136227;375567","TGFBR2;APBB1IP;SMAD3;ZFHX3;CDH13;ROCK1;NCK2;CARMIL1;UTRN;CYTH3;VWC2;COL26A1;PTK2B;NRP1;RREB1;LYN;PTPRC;P2RY12;CD74;DOCK8;SYK;IL18;NCKAP1L;TGFB1;ITGA3","Oligo","UP","FCD","BP"
"83","GO:0060326","cell chemotaxis","http://amigo.geneontology.org/amigo/term/GO:0060326",104,17,7.1953402471942,2.3626401832254,0.000708520157175263,0.0263118622005541,"719;972;1843;2185;3071;3680;4067;5054;5144;5155;5156;6850;7226;8829;23765;57118;196527","PDE4D;CAMK1D;ITGA9;PDGFRA;PTK2B;NRP1;ANO6;TRPM2;DUSP1;LYN;CD74;SYK;NCKAP1L;IL17RA;PDGFB;SERPINE1;C3AR1","Oligo","UP","FCD","BP"
"84","GO:0002446","neutrophil mediated immunity","http://amigo.geneontology.org/amigo/term/GO:0002446",229,29,15.8435857366103,1.83039373044125,0.0010383508482561,0.0368840279576188,"29;718;719;963;1520;1794;2683;2934;3071;4033;4973;5788;5799;5906;6093;6556;6850;7097;7226;7414;8635;10533;11031;23191;23406;79895;81619;196527;326624","RAP1A;ATG7;RNASET2;GSN;CYFIP1;ABR;RAB31;ROCK1;PTPRN2;VCL;TSPAN14;LRMP;ANO6;ATP8B4;TRPM2;B4GALT1;CD53;CTSS;PTPRC;SLC11A1;TLR2;DOCK2;SYK;NCKAP1L;COTL1;C3;C3AR1;OLR1;RAB37","Oligo","UP","FCD","BP"
"85","GO:0032970","regulation of actin filament-based process","http://amigo.geneontology.org/amigo/term/GO:0032970",210,27,14.5290524222191,1.85834555588149,0.00122026759666127,0.0415399427696775,"395;775;1436;2185;2934;3055;3059;3071;4088;4916;5144;5156;6093;6262;7040;7226;8440;8829;9912;10163;11214;23191;23607;54434;55160;55604;80206","WASF2;RYR2;PDE4D;GSN;CACNA1C;SSH1;CYFIP1;SMAD3;AKAP13;ROCK1;ARHGAP6;NCK2;PDGFRA;CARMIL1;CD2AP;PTK2B;NRP1;NTRK3;ARHGAP44;FHOD3;TRPM2;HCLS1;CSF1R;NCKAP1L;TGFB1;HCK;ARHGEF10L","Oligo","UP","FCD","BP"
"86","GO:0014074","response to purine-containing compound","http://amigo.geneontology.org/amigo/term/GO:0014074",73,13,5.05057536581901,2.57396416415853,0.00131560237709172,0.0415830637690094,"1843;2185;3784;5187;5906;6261;6262;6546;7226;10891;54434;64805;133522","RAP1A;RYR2;SLC8A1;SSH1;PER1;PPARGC1A;PPARGC1B;PTK2B;TRPM2;DUSP1;RYR1;P2RY12;KCNQ1","Oligo","UP","FCD","BP"
"87","GO:0070371","ERK1 and ERK2 cascade","http://amigo.geneontology.org/amigo/term/GO:0070371",149,21,10.308708623384,2.03711257803564,0.00132332883475428,0.0415830637690094,"558;972;1436;1843;2185;4067;4853;4916;5155;5156;5788;5801;5906;6850;7040;8829;10461;56034;64762;65268;152110","RAP1A;GAREM1;NEK10;PDGFRA;PDGFC;PTK2B;WNK2;NRP1;PTPRR;NTRK3;MERTK;DUSP1;NOTCH2;LYN;PTPRC;CSF1R;CD74;SYK;TGFB1;PDGFB;AXL","Oligo","UP","FCD","BP"
"88","GO:0050817","coagulation","http://amigo.geneontology.org/amigo/term/GO:0050817",150,21,10.3778945872993,2.0235318275154,0.00144223986268632,0.0426122847028499,"558;953;1608;3937;4067;5054;5155;5156;5583;5592;5627;6850;7410;7414;10461;23533;55604;57572;64805;81704;196527","DGKG;PROS1;PDGFRA;CARMIL1;PRKG1;VCL;ANO6;MERTK;ENTPD1;PRKCH;DOCK6;LYN;P2RY12;LCP2;DOCK8;SYK;PIK3R5;PDGFB;VAV2;SERPINE1;AXL","Oligo","UP","FCD","BP"
"89","GO:0002764","immune response-regulating signaling pathway","http://amigo.geneontology.org/amigo/term/GO:0002764",234,29,16.189515556187,1.79128275329507,0.00146039653816377,0.0426122847028499,"719;1520;1997;2533;2822;3055;3071;3122;3635;3937;4067;5144;5583;5788;5819;5906;6850;7097;7410;10163;11213;23118;23191;55601;55666;57162;80216;89857;118788","WASF2;RAP1A;PELI1;FYB1;PDE4D;TAB2;ELF1;CYFIP1;NPLOC4;INPP5D;ALPK1;IRAK3;PRKCH;LYN;CTSS;PTPRC;TLR2;LCP2;SYK;PIK3AP1;NCKAP1L;HCK;GPLD1;VAV2;KLHL6;DDX60;HLA-DRA;C3AR1;NECTIN2","Oligo","UP","FCD","BP"
"90","GO:0007265","Ras protein signal transduction","http://amigo.geneontology.org/amigo/term/GO:0007265",279,33,19.3028839323768,1.70958910158751,0.00157160890585439,0.0442760164166565,"29;395;399;1012;3675;4067;4853;5900;5906;6093;6239;6242;7410;8727;8829;8997;9265;9459;9869;9912;10160;10163;11031;11214;23101;23191;23268;51196;55160;89846;201475;221472;326624","WASF2;RAP1A;SETDB1;RTKN;MCF2L2;RALGDS;CYFIP1;AKAP13;CDH13;ABR;RAB12;RAB31;ROCK1;ARHGAP6;KALRN;CYTH3;CTNNAL1;NRP1;FARP1;ARHGAP44;PLCE1;ARHGEF6;NOTCH2;RREB1;LYN;FGD2;ARHGEF10L;VAV2;DNMBP;RHOH;FGD3;ITGA3;RAB37","Oligo","UP","FCD","BP"
"91","GO:0060627","regulation of vesicle-mediated transport","http://amigo.geneontology.org/amigo/term/GO:0060627",302,35,20.8941611024293,1.67510912873791,0.00163490141758937,0.0445238152723506,"29;558;718;776;783;1012;1794;2901;3055;3071;3949;4067;5054;5788;5906;6093;6556;6653;6850;7040;7097;7251;8723;8829;9515;9882;9912;10461;10755;11252;23607;55512;55589;57118;196527","RAP1A;CACNA1D;STXBP5L;SNX4;BMP2K;CAMK1D;CACNB2;TSG101;SORL1;TBC1D4;CDH13;ABR;ROCK1;LDLR;PACSIN2;CD2AP;NRP1;ANO6;SMPD3;ARHGAP44;GIPC1;GRIK5;MERTK;LYN;PTPRC;SLC11A1;TLR2;DOCK2;SYK;NCKAP1L;C3;TGFB1;HCK;SERPINE1;AXL","Oligo","UP","FCD","BP"
"92","GO:0002250","adaptive immune response","http://amigo.geneontology.org/amigo/term/GO:0002250",122,18,8.44068759767012,2.13252768707712,0.001702625383041,0.0448724173530483,"639;718;972;1520;2185;3606;3635;4067;5452;5788;5819;6556;6830;6850;7040;64092;64167;89857","PTK2B;SUPT6H;POU2F2;INPP5D;LYN;CTSS;PTPRC;SLC11A1;CD74;SYK;IL18;C3;TGFB1;SAMSN1;KLHL6;ERAP2;PRDM1;NECTIN2","Oligo","UP","FCD","BP"
"93","GO:0048017","inositol lipid-mediated signaling","http://amigo.geneontology.org/amigo/term/GO:0048017",94,15,6.50348060804092,2.30645725020752,0.00184177606340041,0.0470228451186918,"1436;2934;3059;3606;3756;4067;4916;5155;5156;5286;8395;23533;55615;56034;118788","KCNH1;GSN;PIK3C2A;PDGFRA;PDGFC;NTRK3;PIP5K1B;LYN;PRR5;HCLS1;CSF1R;PIK3AP1;IL18;PIK3R5;PDGFB","Oligo","UP","FCD","BP"
"94","GO:0032602","chemokine production","http://amigo.geneontology.org/amigo/term/GO:0032602",25,6,0.713879812473363,8.40477611940299,5.65970357631063e-05,0.0440719958654045,"972;1436;1958;3566;3606;7097","IL4R;TLR2;CSF1R;CD74;IL18;EGR1","OPC","UP","FCD","BP"
"95","GO:0002521","leukocyte differentiation","http://amigo.geneontology.org/amigo/term/GO:0002521",212,17,6.05370080977412,2.80819956819675,0.000107887382779448,0.0440719958654045,"972;1436;1794;1958;2175;2185;3566;3606;3635;4208;5788;7048;7097;7226;9644;54997;79705","TGFBR2;MEF2C;SH3PXD2A;PTK2B;LRRK1;TRPM2;INPP5D;IL4R;PTPRC;TLR2;CSF1R;CD74;DOCK2;IL18;EGR1;TESC;FANCA","OPC","UP","FCD","BP"
"96","GO:0098687","chromosomal region","http://amigo.geneontology.org/amigo/term/GO:0098687",175,9,2.08173445894091,4.32331797235023,0.000193099952781384,0.0320545921617097,"1783;5525;7514;7756;23047;23244;23332;25936;119504","PPP2R5A;NSL1;XPO1;CLASP1;PDS5A;ANAPC16;PDS5B;DYNC1LI2;ZNF207","Oligo","DOWN","HS","CC"
"97","GO:0097060","synaptic membrane","http://amigo.geneontology.org/amigo/term/GO:0097060",302,17,2.95510360706063,5.75275938189845,1.46873213591192e-09,2.43809534561379e-07,"491;1007;2566;2572;2895;2898;2903;3746;9568;10458;22999;23025;23426;53616;53942;57554;116443","LRRC7;ATP2B2;GRID2;RIMS1;GRIK2;ADAM22;GABBR2;GRIN2A;CDH9;GABRG2;CNTN5;GRIP1;BAIAP2;UNC13A;GRIN3A;GAD2;KCNC1","Endo","UP","HS","CC"
"98","GO:0098978","glutamatergic synapse","http://amigo.geneontology.org/amigo/term/GO:0098978",265,12,2.59305448963929,4.62774694783574,6.23701539659294e-06,0.000449562731378824,"491;2895;2898;2903;4644;4884;5575;10458;23025;23426;53616;116443","ATP2B2;GRID2;GRIK2;ADAM22;MYO5A;GRIN2A;GRIP1;NPTX1;BAIAP2;UNC13A;GRIN3A;PRKAR1B","Endo","UP","HS","CC"
"99","GO:0098793","presynapse","http://amigo.geneontology.org/amigo/term/GO:0098793",321,13,3.14102072141213,4.1387819925478,8.12462767552091e-06,0.000449562731378824,"491;1007;2572;2898;2903;3746;5874;9379;10458;22999;23025;53942;127833","ATP2B2;RIMS1;GRIK2;GRIN2A;CDH9;NRXN2;CNTN5;BAIAP2;RAB27B;UNC13A;GAD2;KCNC1;SYT2","Endo","UP","HS","CC"
"100","GO:1990351","transporter complex","http://amigo.geneontology.org/amigo/term/GO:1990351",186,9,1.82003069838833,4.9449715370019,6.43020040174136e-05,0.00266853316672266,"2566;2895;2898;2903;3746;3763;6262;57554;116443","LRRC7;RYR2;GRID2;GRIK2;GRIN2A;GABRG2;KCNJ6;GRIN3A;KCNC1","Endo","UP","HS","CC"
"101","GO:0043025","neuronal cell body","http://amigo.geneontology.org/amigo/term/GO:0043025",303,10,2.96488871834229,3.3728078690222,0.000575155236753,0.0190951538601996,"2044;2898;3746;4644;5136;7345;10458;57282;116443;140767","PDE1A;GRIK2;MYO5A;SLC4A10;UCHL1;EPHA5;NRSN1;BAIAP2;GRIN3A;KCNC1","Endo","UP","HS","CC"
"102","GO:0043235","receptor complex","http://amigo.geneontology.org/amigo/term/GO:0043235",210,8,2.05487336914812,3.89318394024276,0.000867258519286374,0.023994152366923,"2044;2566;2895;2898;2903;9568;57554;116443","LRRC7;GRID2;GRIK2;GABBR2;GRIN2A;EPHA5;GABRG2;GRIN3A","Endo","UP","HS","CC"
"103","GO:0098984","neuron to neuron synapse","http://amigo.geneontology.org/amigo/term/GO:0098984",272,9,2.6615502686109,3.38148788927336,0.00110505908735381,0.0262056869286761,"491;2895;2898;2903;5575;10458;53616;57554;116443","LRRC7;ATP2B2;GRID2;GRIK2;ADAM22;GRIN2A;BAIAP2;GRIN3A;PRKAR1B","Endo","UP","HS","CC"
"104","GO:0044306","neuron projection terminus","http://amigo.geneontology.org/amigo/term/GO:0044306",84,5,0.821949347659248,6.08309990662932,0.0012662679124702,0.0262750591837566,"2898;3746;7345;10458;23025","GRIK2;UCHL1;BAIAP2;UNC13A;KCNC1","Endo","UP","HS","CC"
"105","GO:0031225","anchored component of membrane","http://amigo.geneontology.org/amigo/term/GO:0031225",60,4,0.587106676899463,6.81307189542484,0.00264904270545174,0.0439741089104989,"1012;2572;5874;53942","CDH13;CNTN5;RAB27B;GAD2","Endo","UP","HS","CC"
"106","GO:0098982","GABA-ergic synapse","http://amigo.geneontology.org/amigo/term/GO:0098982",60,4,0.587106676899463,6.81307189542484,0.00264904270545174,0.0439741089104989,"491;1012;2566;53942","ATP2B2;CDH13;GABRG2;CNTN5","Endo","UP","HS","CC"
"107","GO:0097060","synaptic membrane","http://amigo.geneontology.org/amigo/term/GO:0097060",302,21,4.11396776669225,5.10456114168454,2.06969330562856e-10,3.43569088734341e-08,"491;1131;1272;1759;2561;2823;2891;2892;2904;2915;3756;6326;9699;22849;57528;57554;64084;66000;80059;81832;221955","LRRC7;KCNH1;CHRM3;LRRTM4;ATP2B2;TMEM108;CLSTN2;GRIA2;GPM6A;KCTD16;CPEB3;GRIN2B;CNTN1;GRIA3;SCN2A;GABRB2;RIMS2;DNM1;GRM5;NETO1;DAGLB","Microglia","UP","HS","CC"
"108","GO:1990351","transporter complex","http://amigo.geneontology.org/amigo/term/GO:1990351",186,14,2.53376822716807,5.52536725730728,1.3466477088997e-07,1.11771759838675e-05,"785;2561;2891;2892;2904;3756;5144;6262;6326;9722;57554;57628;80333;348980","LRRC7;NOS1AP;KCNH1;RYR2;DPP10;KCNIP4;GRIA2;PDE4D;GRIN2B;GRIA3;CACNB4;SCN2A;HCN1;GABRB2","Microglia","UP","HS","CC"
"109","GO:0099572","postsynaptic specialization","http://amigo.geneontology.org/amigo/term/GO:0099572",264,13,3.59631619339985,3.61481007255655,4.44553228766686e-05,0.00245986119917567,"491;1131;1759;2561;2904;2915;3756;6009;22849;57554;64084;66000;81832","LRRC7;KCNH1;CHRM3;ATP2B2;TMEM108;CLSTN2;CPEB3;GRIN2B;GABRB2;DNM1;GRM5;NETO1;RHEB","Microglia","UP","HS","CC"
"110","GO:0098984","neuron to neuron synapse","http://amigo.geneontology.org/amigo/term/GO:0098984",272,12,3.70529547198772,3.23860811930406,0.000257839281719519,0.01070033019136,"491;1131;1759;2904;2915;3756;6009;22849;57554;64084;66000;81832","LRRC7;KCNH1;CHRM3;ATP2B2;TMEM108;CLSTN2;CPEB3;GRIN2B;DNM1;GRM5;NETO1;RHEB","Microglia","UP","HS","CC"
"111","GO:0098978","glutamatergic synapse","http://amigo.geneontology.org/amigo/term/GO:0098978",265,11,3.60993860322333,3.04714323677917,0.000801667995462552,0.0266153774493567,"491;1131;1759;2823;3084;4628;6326;8499;9722;64084;81832","NOS1AP;CHRM3;ATP2B2;CLSTN2;GPM6A;PPFIA2;SCN2A;NRG1;DNM1;MYH10;NETO1","Microglia","UP","HS","CC"
"112","GO:0098793","presynapse","http://amigo.geneontology.org/amigo/term/GO:0098793",321,12,4.37279355333845,2.74424114782151,0.00115007948676205,0.0318188658004166,"491;1131;1272;1759;2823;3756;6326;8499;8618;9699;9899;57528","KCNH1;CHRM3;ATP2B2;GPM6A;KCTD16;CNTN1;PPFIA2;SV2B;SCN2A;CADPS;RIMS2;DNM1","Microglia","UP","HS","CC"
"113","GO:0097060","synaptic membrane","http://amigo.geneontology.org/amigo/term/GO:0097060",302,20,7.12701458173446,2.80622408873095,2.0847221442799e-05,0.00346063875950464,"286;491;1008;1759;2555;2556;2823;2897;2917;2918;9890;10368;22986;27255;81832;93145;116443;145581;149111;221955","GRM7;ATP2B2;GPM6A;PLPPR4;CNIH3;CNTN6;GABRA2;CDH10;GRM8;DNM1;SORCS3;LRFN5;CACNG3;NETO1;OLFM2;GRIK1;ANK1;GRIN3A;DAGLB;GABRA3","Oligo","UP","HS","CC"
"114","GO:0098978","glutamatergic synapse","http://amigo.geneontology.org/amigo/term/GO:0098978",265,16,6.25383729854183,2.55842920693358,0.000438642896792407,0.02573298778915,"491;1008;1500;1759;2823;6456;9890;10082;10368;10755;22986;26280;81832;93145;116443;145581","ATP2B2;GPM6A;CTNND1;PLPPR4;CDH10;SH3GL2;DNM1;SORCS3;GPC6;LRFN5;CACNG3;NETO1;OLFM2;GIPC1;IL1RAPL2;GRIN3A","Oligo","UP","HS","CC"
"115","GO:0098793","presynapse","http://amigo.geneontology.org/amigo/term/GO:0098793",321,18,7.57540291634689,2.37611123774789,0.000465053996189457,0.02573298778915,"273;491;783;1008;1500;1759;2555;2823;2897;2917;2918;3382;6456;6853;7976;10755;27255;79772","GRM7;ATP2B2;GPM6A;CACNB2;CTNND1;CNTN6;GABRA2;CDH10;MCTP1;ICA1;AMPH;GRM8;FZD3;SH3GL2;DNM1;GIPC1;GRIK1;SYN1","Oligo","UP","HS","CC"
"116","GO:0098687","chromosomal region","http://amigo.geneontology.org/amigo/term/GO:0098687",175,9,2.08173445894091,4.32331797235023,0.000193099952781384,0.0320545921617097,"1783;5525;7514;7756;23047;23244;23332;25936;119504","PPP2R5A;NSL1;XPO1;CLASP1;PDS5A;ANAPC16;PDS5B;DYNC1LI2;ZNF207","Oligo","DOWN","HS","CC"
"117","GO:0097060","synaptic membrane","http://amigo.geneontology.org/amigo/term/GO:0097060",302,17,2.95510360706063,5.75275938189845,1.46873213591192e-09,2.43809534561379e-07,"491;1007;2566;2572;2895;2898;2903;3746;9568;10458;22999;23025;23426;53616;53942;57554;116443","LRRC7;ATP2B2;GRID2;RIMS1;GRIK2;ADAM22;GABBR2;GRIN2A;CDH9;GABRG2;CNTN5;GRIP1;BAIAP2;UNC13A;GRIN3A;GAD2;KCNC1","Endo","UP","HS","CC"
"118","GO:0098978","glutamatergic synapse","http://amigo.geneontology.org/amigo/term/GO:0098978",265,12,2.59305448963929,4.62774694783574,6.23701539659294e-06,0.000449562731378824,"491;2895;2898;2903;4644;4884;5575;10458;23025;23426;53616;116443","ATP2B2;GRID2;GRIK2;ADAM22;MYO5A;GRIN2A;GRIP1;NPTX1;BAIAP2;UNC13A;GRIN3A;PRKAR1B","Endo","UP","HS","CC"
"119","GO:0098793","presynapse","http://amigo.geneontology.org/amigo/term/GO:0098793",321,13,3.14102072141213,4.1387819925478,8.12462767552091e-06,0.000449562731378824,"491;1007;2572;2898;2903;3746;5874;9379;10458;22999;23025;53942;127833","ATP2B2;RIMS1;GRIK2;GRIN2A;CDH9;NRXN2;CNTN5;BAIAP2;RAB27B;UNC13A;GAD2;KCNC1;SYT2","Endo","UP","HS","CC"
"120","GO:1990351","transporter complex","http://amigo.geneontology.org/amigo/term/GO:1990351",186,9,1.82003069838833,4.9449715370019,6.43020040174136e-05,0.00266853316672266,"2566;2895;2898;2903;3746;3763;6262;57554;116443","LRRC7;RYR2;GRID2;GRIK2;GRIN2A;GABRG2;KCNJ6;GRIN3A;KCNC1","Endo","UP","HS","CC"
"121","GO:0043025","neuronal cell body","http://amigo.geneontology.org/amigo/term/GO:0043025",303,10,2.96488871834229,3.3728078690222,0.000575155236753,0.0190951538601996,"2044;2898;3746;4644;5136;7345;10458;57282;116443;140767","PDE1A;GRIK2;MYO5A;SLC4A10;UCHL1;EPHA5;NRSN1;BAIAP2;GRIN3A;KCNC1","Endo","UP","HS","CC"
"122","GO:0043235","receptor complex","http://amigo.geneontology.org/amigo/term/GO:0043235",210,8,2.05487336914812,3.89318394024276,0.000867258519286374,0.023994152366923,"2044;2566;2895;2898;2903;9568;57554;116443","LRRC7;GRID2;GRIK2;GABBR2;GRIN2A;EPHA5;GABRG2;GRIN3A","Endo","UP","HS","CC"
"123","GO:0098984","neuron to neuron synapse","http://amigo.geneontology.org/amigo/term/GO:0098984",272,9,2.6615502686109,3.38148788927336,0.00110505908735381,0.0262056869286761,"491;2895;2898;2903;5575;10458;53616;57554;116443","LRRC7;ATP2B2;GRID2;GRIK2;ADAM22;GRIN2A;BAIAP2;GRIN3A;PRKAR1B","Endo","UP","HS","CC"
"124","GO:0044306","neuron projection terminus","http://amigo.geneontology.org/amigo/term/GO:0044306",84,5,0.821949347659248,6.08309990662932,0.0012662679124702,0.0262750591837566,"2898;3746;7345;10458;23025","GRIK2;UCHL1;BAIAP2;UNC13A;KCNC1","Endo","UP","HS","CC"
"125","GO:0031225","anchored component of membrane","http://amigo.geneontology.org/amigo/term/GO:0031225",60,4,0.587106676899463,6.81307189542484,0.00264904270545174,0.0439741089104989,"1012;2572;5874;53942","CDH13;CNTN5;RAB27B;GAD2","Endo","UP","HS","CC"
"126","GO:0098982","GABA-ergic synapse","http://amigo.geneontology.org/amigo/term/GO:0098982",60,4,0.587106676899463,6.81307189542484,0.00264904270545174,0.0439741089104989,"491;1012;2566;53942","ATP2B2;CDH13;GABRG2;CNTN5","Endo","UP","HS","CC"
"127","GO:0097060","synaptic membrane","http://amigo.geneontology.org/amigo/term/GO:0097060",302,21,4.11396776669225,5.10456114168454,2.06969330562856e-10,3.43569088734341e-08,"491;1131;1272;1759;2561;2823;2891;2892;2904;2915;3756;6326;9699;22849;57528;57554;64084;66000;80059;81832;221955","LRRC7;KCNH1;CHRM3;LRRTM4;ATP2B2;TMEM108;CLSTN2;GRIA2;GPM6A;KCTD16;CPEB3;GRIN2B;CNTN1;GRIA3;SCN2A;GABRB2;RIMS2;DNM1;GRM5;NETO1;DAGLB","Microglia","UP","HS","CC"
"128","GO:1990351","transporter complex","http://amigo.geneontology.org/amigo/term/GO:1990351",186,14,2.53376822716807,5.52536725730728,1.3466477088997e-07,1.11771759838675e-05,"785;2561;2891;2892;2904;3756;5144;6262;6326;9722;57554;57628;80333;348980","LRRC7;NOS1AP;KCNH1;RYR2;DPP10;KCNIP4;GRIA2;PDE4D;GRIN2B;GRIA3;CACNB4;SCN2A;HCN1;GABRB2","Microglia","UP","HS","CC"
"129","GO:0099572","postsynaptic specialization","http://amigo.geneontology.org/amigo/term/GO:0099572",264,13,3.59631619339985,3.61481007255655,4.44553228766686e-05,0.00245986119917567,"491;1131;1759;2561;2904;2915;3756;6009;22849;57554;64084;66000;81832","LRRC7;KCNH1;CHRM3;ATP2B2;TMEM108;CLSTN2;CPEB3;GRIN2B;GABRB2;DNM1;GRM5;NETO1;RHEB","Microglia","UP","HS","CC"
"130","GO:0098984","neuron to neuron synapse","http://amigo.geneontology.org/amigo/term/GO:0098984",272,12,3.70529547198772,3.23860811930406,0.000257839281719519,0.01070033019136,"491;1131;1759;2904;2915;3756;6009;22849;57554;64084;66000;81832","LRRC7;KCNH1;CHRM3;ATP2B2;TMEM108;CLSTN2;CPEB3;GRIN2B;DNM1;GRM5;NETO1;RHEB","Microglia","UP","HS","CC"
"131","GO:0098978","glutamatergic synapse","http://amigo.geneontology.org/amigo/term/GO:0098978",265,11,3.60993860322333,3.04714323677917,0.000801667995462552,0.0266153774493567,"491;1131;1759;2823;3084;4628;6326;8499;9722;64084;81832","NOS1AP;CHRM3;ATP2B2;CLSTN2;GPM6A;PPFIA2;SCN2A;NRG1;DNM1;MYH10;NETO1","Microglia","UP","HS","CC"
"132","GO:0098793","presynapse","http://amigo.geneontology.org/amigo/term/GO:0098793",321,12,4.37279355333845,2.74424114782151,0.00115007948676205,0.0318188658004166,"491;1131;1272;1759;2823;3756;6326;8499;8618;9699;9899;57528","KCNH1;CHRM3;ATP2B2;GPM6A;KCTD16;CNTN1;PPFIA2;SV2B;SCN2A;CADPS;RIMS2;DNM1","Microglia","UP","HS","CC"
"133","GO:0097060","synaptic membrane","http://amigo.geneontology.org/amigo/term/GO:0097060",302,20,7.12701458173446,2.80622408873095,2.0847221442799e-05,0.00346063875950464,"286;491;1008;1759;2555;2556;2823;2897;2917;2918;9890;10368;22986;27255;81832;93145;116443;145581;149111;221955","GRM7;ATP2B2;GPM6A;PLPPR4;CNIH3;CNTN6;GABRA2;CDH10;GRM8;DNM1;SORCS3;LRFN5;CACNG3;NETO1;OLFM2;GRIK1;ANK1;GRIN3A;DAGLB;GABRA3","Oligo","UP","HS","CC"
"134","GO:0098978","glutamatergic synapse","http://amigo.geneontology.org/amigo/term/GO:0098978",265,16,6.25383729854183,2.55842920693358,0.000438642896792407,0.02573298778915,"491;1008;1500;1759;2823;6456;9890;10082;10368;10755;22986;26280;81832;93145;116443;145581","ATP2B2;GPM6A;CTNND1;PLPPR4;CDH10;SH3GL2;DNM1;SORCS3;GPC6;LRFN5;CACNG3;NETO1;OLFM2;GIPC1;IL1RAPL2;GRIN3A","Oligo","UP","HS","CC"
"135","GO:0098793","presynapse","http://amigo.geneontology.org/amigo/term/GO:0098793",321,18,7.57540291634689,2.37611123774789,0.000465053996189457,0.02573298778915,"273;491;783;1008;1500;1759;2555;2823;2897;2917;2918;3382;6456;6853;7976;10755;27255;79772","GRM7;ATP2B2;GPM6A;CACNB2;CTNND1;CNTN6;GABRA2;CDH10;MCTP1;ICA1;AMPH;GRM8;FZD3;SH3GL2;DNM1;GIPC1;GRIK1;SYN1","Oligo","UP","HS","CC"
"136","GO:0044445","cytosolic part","http://amigo.geneontology.org/amigo/term/GO:0044445",148,20,6.47429009976976,3.0891417733523,5.29511022251405e-06,0.000878988296937333,"2982;2983;4734;6133;6137;6141;6158;6169;6171;6176;6193;6194;6208;6218;6223;6234;23521;25873;51065;84062","DTNBP1;NEDD4;GUCY1B1;RPL13;RPL38;RPS19;RPL13A;RPL9;GUCY1A1;RPS14;RPS6;RPL41;RPLP1;RPS17;RPL36;RPS28;RPL18;RPL28;RPS27L;RPS5","Endo","DOWN","FCD","CC"
"137","GO:0005840","ribosome","http://amigo.geneontology.org/amigo/term/GO:0005840",136,17,5.94934765924789,2.85745614035088,7.62351562826336e-05,0.00632751797145858,"6133;6137;6141;6158;6169;6171;6176;6193;6194;6208;6218;6223;6234;9801;23521;25873;51065","RPL13;RPL38;RPS19;RPL13A;RPL9;RPS14;RPS6;RPL41;RPLP1;RPS17;RPL36;RPS28;RPL18;RPL28;MRPL19;RPS27L;RPS5","Endo","DOWN","FCD","CC"
"138","GO:0099572","postsynaptic specialization","http://amigo.geneontology.org/amigo/term/GO:0099572",264,34,15.3983115886416,2.20803429027113,7.59945988937361e-06,0.00126151034163602,"476;1266;1948;2043;2556;2557;2561;2596;2902;2913;3708;3751;4131;4133;4905;4915;5170;5621;6129;6207;6711;8087;9045;9863;9867;10458;10486;23136;23362;55327;79870;220988;347731;401190","SPTBN1;HNRNPA3;MAP2;FXR1;MAP1B;PJA2;MAGI2;GRM3;KCND2;PSD3;BAALC;NTRK2;LRRTM3;PDPK1;EPB41L3;CNN3;EPHA4;ITPR1;GABRA4;RGS7BP;GABRB2;CAP2;GRIN1;LIN7C;NSF;BAIAP2;RPL14;RPL7;EFNB2;ATP1A1;GAP43;RPS13;PRNP;GABRA3","Excitatory","DOWN","FCD","CC"
"139","GO:0043198","dendritic shaft","http://amigo.geneontology.org/amigo/term/GO:0043198",26,8,1.51650038372985,5.2753036437247,7.5683267815041e-05,0.0049130737741081,"351;2043;4130;4133;4905;5577;6546;10458","SLC8A1;MAP2;APP;EPHA4;MAP1A;NSF;BAIAP2;PRKAR2B","Excitatory","DOWN","FCD","CC"
"140","GO:0098984","neuron to neuron synapse","http://amigo.geneontology.org/amigo/term/GO:0098984",272,32,15.8649270913277,2.01702786377709,8.87904898935199e-05,0.0049130737741081,"476;1266;1948;2043;2596;2902;2913;3708;3751;4131;4133;4905;4915;5170;5621;6129;6207;6711;6857;8087;9045;9863;9867;10458;10486;23136;23362;55327;79870;220988;347731;401190","SPTBN1;HNRNPA3;MAP2;FXR1;MAP1B;PJA2;MAGI2;GRM3;KCND2;PSD3;BAALC;NTRK2;LRRTM3;SYT1;PDPK1;EPB41L3;CNN3;EPHA4;ITPR1;RGS7BP;CAP2;GRIN1;LIN7C;NSF;BAIAP2;RPL14;RPL7;EFNB2;ATP1A1;GAP43;RPS13;PRNP","Excitatory","DOWN","FCD","CC"
"141","GO:0043025","neuronal cell body","http://amigo.geneontology.org/amigo/term/GO:0043025",303,34,17.6730621642364,1.9238318568699,0.000137133398325662,0.00569103603051496,"351;1266;1363;2043;2823;3326;3736;3737;3745;3751;3798;4130;4131;4133;4644;5170;5274;5577;5796;6323;6622;6623;8001;8087;9751;10458;10814;10815;22876;23544;54407;55811;66008;374291","TRAK2;MAP2;SERPINI1;FXR1;SNCA;GPM6A;MAP1B;PTPRK;KCND2;SLC38A2;MYO5A;PDPK1;APP;CNN3;KCNA2;SCN1A;EPHA4;CPE;GLRA3;CPLX2;HSP90AB1;INPP5F;MAP1A;BAIAP2;NDUFS7;SNPH;KCNB1;SEZ6L;ADCY10;CPLX1;PRKAR2B;SNCG;KCNA1;KIF5A","Excitatory","DOWN","FCD","CC"
"142","GO:0097060","synaptic membrane","http://amigo.geneontology.org/amigo/term/GO:0097060",302,32,17.6147352264006,1.81666085744162,0.000613498762345066,0.0203681589098562,"287;1272;1363;1948;2043;2556;2557;2561;2566;2823;2902;2913;3736;3737;3745;3751;3760;6546;6616;6812;6857;8001;9751;9867;10458;23017;23362;55327;79870;347731;374291;401190","SLC8A1;KCNJ3;ANK2;GPM6A;PJA2;GRM3;KCND2;PSD3;BAALC;LRRTM3;CNTN1;SYT1;SNAP25;KCNA2;EPHA4;GABRA4;CPE;GLRA3;RGS7BP;GABRB2;GABRG2;STXBP1;GRIN1;LIN7C;FAIM2;BAIAP2;NDUFS7;SNPH;KCNB1;EFNB2;KCNA1;GABRA3","Excitatory","DOWN","FCD","CC"
"143","GO:0033267","axon part","http://amigo.geneontology.org/amigo/term/GO:0033267",260,28,15.1650038372985,1.84635627530364,0.00105133546549541,0.0290869478787062,"287;351;2043;2596;2823;2902;3326;3736;3737;3798;4130;4133;4644;4915;6323;6334;6616;6622;6711;10409;10814;10815;22848;23136;29767;55638;55811;66008","SPTBN1;AAK1;TRAK2;MAP2;SNCA;ANK2;GPM6A;NTRK2;MYO5A;EPB41L3;SNAP25;APP;KCNA2;SCN1A;EPHA4;BASP1;CPLX2;HSP90AB1;SYBU;GRIN1;SCN8A;MAP1A;TMOD2;ADCY10;GAP43;CPLX1;KCNA1;KIF5A","Excitatory","DOWN","FCD","CC"
"144","GO:0044309","neuron spine","http://amigo.geneontology.org/amigo/term/GO:0044309",123,16,7.17421335379893,2.23020967051776,0.00192001874711956,0.045531873145978,"351;1266;2043;2823;2902;2913;3751;3908;4131;4915;5530;5577;6546;8087;9572;10458","SLC8A1;FXR1;PPP3CA;GPM6A;MAP1B;LAMA2;GRM3;KCND2;NTRK2;APP;CNN3;EPHA4;GRIN1;BAIAP2;PRKAR2B;NR1D1","Excitatory","DOWN","FCD","CC"
"145","GO:0097060","synaptic membrane","http://amigo.geneontology.org/amigo/term/GO:0097060",302,33,11.8204144282425,2.79178028827425,4.35718934266305e-08,7.23293430882066e-06,"1129;1272;2045;2066;2554;2557;2560;2561;2566;2742;2823;2893;2904;3747;3751;3760;6538;6857;9568;9627;22999;23426;23767;27255;55327;57502;57528;57689;66000;116443;145581;347731;401190","KCNJ3;ERBB4;TMEM108;GABRB1;GPM6A;KCTD16;RIMS1;KCND2;GABBR2;LRRTM3;LRRC4C;GRIA4;GRIN2B;CNTN1;SYT1;NLGN4X;CNTN6;GABRA4;RGS7BP;GABRB2;GABRG2;EPHA7;LIN7C;GRIP1;KCNC2;LRFN5;FLRT3;SLC6A11;GRIN3A;GLRA2;SNCAIP;GABRA1;CHRM2","Inhibitory","DOWN","FCD","CC"
"146","GO:0043235","receptor complex","http://amigo.geneontology.org/amigo/term/GO:0043235",210,26,8.21949347659248,3.16321195144725,1.16148803797067e-07,9.64035071515656e-06,"238;1956;2042;2044;2045;2066;2554;2557;2560;2561;2566;2893;2904;3480;3667;4306;4915;9568;10580;22925;26050;57528;116443;118427;375567;402117","ERBB4;GABRB1;KCTD16;NTRK2;GABBR2;SORBS1;GRIA4;GRIN2B;IGF1R;OLFM3;VWC2L;EPHA3;GABRA4;EPHA5;NR3C2;GABRB2;GABRG2;EPHA7;VWC2;SLITRK5;PLA2R1;EGFR;ALK;GRIN3A;IRS1;GABRA1","Inhibitory","DOWN","FCD","CC"
"147","GO:0098982","GABA-ergic synapse","http://amigo.geneontology.org/amigo/term/GO:0098982",60,12,2.34842670759785,5.10980392156863,2.49853182232584e-06,0.000138252094168697,"2066;2554;2557;2560;2561;2566;2982;3751;6538;23236;57502;145581","ERBB4;GABRB1;KCND2;PLCB1;NLGN4X;GABRA4;GABRB2;GABRG2;LRFN5;GUCY1A1;SLC6A11;GABRA1","Inhibitory","DOWN","FCD","CC"
"148","GO:1990351","transporter complex","http://amigo.geneontology.org/amigo/term/GO:1990351",186,20,7.28012279355334,2.7472064094455,3.17074768420023e-05,0.00131586028894309,"785;2554;2557;2560;2561;2566;2742;2893;2904;3747;3751;3760;3763;10242;26047;116443;118427;348980;375567;402117","KCNJ3;GABRB1;KCND2;CNTNAP2;GRIA4;GRIN2B;OLFM3;CACNB4;VWC2L;KCNMB2;GABRA4;HCN1;GABRB2;GABRG2;VWC2;KCNC2;KCNJ6;GRIN3A;GLRA2;GABRA1","Inhibitory","DOWN","FCD","CC"
"149","GO:0098793","presynapse","http://amigo.geneontology.org/amigo/term/GO:0098793",321,26,12.5640828856485,2.0693909962739,0.000274303481714533,0.00910687559292249,"1129;1272;2066;2823;2983;3747;3760;4915;6538;6857;8417;8618;9554;9627;22987;22999;23767;27255;27445;55327;57502;57528;79772;91752;115827;401190","SEC22B;KCNJ3;ERBB4;GPM6A;KCTD16;RIMS1;STX7;NTRK2;CNTN1;SYT1;NLGN4X;ZNF804A;CNTN6;CADPS;GUCY1B1;RAB3C;RGS7BP;MCTP1;PCLO;LIN7C;KCNC2;FLRT3;SLC6A11;SV2C;SNCAIP;CHRM2","Inhibitory","DOWN","FCD","CC"
"150","GO:0099572","postsynaptic specialization","http://amigo.geneontology.org/amigo/term/GO:0099572",264,22,10.3330775134305,2.12908496732026,0.000564829296439751,0.0156269438681664,"2045;2066;2554;2557;2561;2904;3751;4133;4915;9758;9863;10486;23136;27445;55327;57502;57689;66000;116443;145581;347731;401190","MAP2;ERBB4;TMEM108;MAGI2;KCND2;NTRK2;LRRTM3;LRRC4C;GRIN2B;EPB41L3;NLGN4X;GABRA4;RGS7BP;GABRB2;CAP2;EPHA7;PCLO;LIN7C;LRFN5;FRMPD4;GRIN3A;GABRA1","Inhibitory","DOWN","FCD","CC"
"151","GO:0098984","neuron to neuron synapse","http://amigo.geneontology.org/amigo/term/GO:0098984",272,21,10.6462010744436,1.97253460207612,0.00200043945318606,0.0474389927469838,"1129;2045;2066;2904;3751;4133;4915;6857;9758;9863;10486;23136;27445;55327;57502;57689;66000;116443;145581;347731;401190","MAP2;ERBB4;TMEM108;MAGI2;KCND2;NTRK2;LRRTM3;LRRC4C;GRIN2B;SYT1;EPB41L3;NLGN4X;RGS7BP;CAP2;EPHA7;PCLO;LIN7C;LRFN5;FRMPD4;GRIN3A;CHRM2","Inhibitory","DOWN","FCD","CC"
"152","GO:0098978","glutamatergic synapse","http://amigo.geneontology.org/amigo/term/GO:0098978",265,18,6.50805832693784,2.76580188679245,6.95677547490892e-05,0.00592545821319868,"493;1008;1009;2823;3751;4644;6506;7143;9378;22854;22871;22986;23284;57502;57689;83992;120892;347731","NRXN1;NLGN1;ADGRL3;GPM6A;CTTNBP2;KCND2;LRRTM3;SLC1A2;LRRC4C;MYO5A;CDH11;NLGN4X;NTNG1;TNR;ATP2B4;CDH10;SORCS3;LRRK2","OPC","DOWN","FCD","CC"
"153","GO:0005796","Golgi lumen","http://amigo.geneontology.org/amigo/term/GO:0005796",30,6,0.736761320030698,8.14375,7.13910628096226e-05,0.00592545821319868,"351;1462;4325;5125;9957;27333","GOLIM4;APP;MMP16;PCSK5;VCAN;HS3ST1","OPC","DOWN","FCD","CC"
"154","GO:0097060","synaptic membrane","http://amigo.geneontology.org/amigo/term/GO:0097060",302,19,7.41673062164236,2.56177566225166,0.000121148825830142,0.00670356836260118,"493;1008;1272;2743;2823;2917;3737;3751;6506;6546;9378;10611;22854;22871;22986;55906;57502;57689;347731","SLC8A1;NRXN1;GRM7;NLGN1;PDLIM5;GPM6A;KCND2;LRRTM3;SLC1A2;LRRC4C;CNTN1;NLGN4X;ZC4H2;NTNG1;KCNA2;ATP2B4;GLRB;CDH10;SORCS3","OPC","DOWN","FCD","CC"
"155","GO:0043198","dendritic shaft","http://amigo.geneontology.org/amigo/term/GO:0043198",26,5,0.638526477359939,7.83052884615385,0.000358989872597082,0.0148980797127789,"351;2917;4133;6546;22871","SLC8A1;MAP2;GRM7;NLGN1;APP","OPC","DOWN","FCD","CC"
"156","GO:0030427","site of polarized growth","http://amigo.geneontology.org/amigo/term/GO:0030427",125,10,3.06983883346124,3.2575,0.000909851687364682,0.0302070760205075,"323;351;1826;2823;4133;4644;23242;29767;56288;120892","MAP2;APBB2;GPM6A;COBL;PARD3;MYO5A;APP;DSCAM;LRRK2;TMOD2","OPC","DOWN","FCD","CC"
"157","GO:0098858","actin-based cell projection","http://amigo.geneontology.org/amigo/term/GO:0098858",111,9,2.72601688411358,3.30152027027027,0.00149728482950051,0.0414248802828475,"351;2823;4133;4644;4651;22871;65217;84168;120892","MAP2;NLGN1;GPM6A;MYO10;MYO5A;APP;ANTXR1;PCDH15;LRRK2","OPC","DOWN","FCD","CC"
"158","GO:1990351","transporter complex","http://amigo.geneontology.org/amigo/term/GO:1990351",186,24,7.56561780506523,3.17224589166159,3.51969015044418e-07,5.84268564973733e-05,"773;774;776;2559;2892;2893;2895;2902;3756;4842;5311;6262;6328;6334;8514;8911;9722;10369;22941;27345;57554;80333;348980;729993","LRRC7;NOS1AP;KCNH1;RYR2;CACNA1D;KCNIP4;PKD2;GRID2;GRIA4;KCNMB4;GRIA3;KCNAB2;SCN3A;HCN1;GRIN1;CACNA1B;SHANK2;SCN8A;SHISA9;CACNA1A;CACNG2;NOS1;GABRA6;CACNA1I","Astro","UP","FCD","CC"
"159","GO:0097060","synaptic membrane","http://amigo.geneontology.org/amigo/term/GO:0097060",302,31,12.2839600920952,2.52361614394602,1.16184283505127e-06,9.64329553092558e-05,"409;613;776;1756;2559;2892;2893;2895;2902;2915;3756;5800;6801;9066;9148;9162;9699;10369;22941;27185;57554;80059;81832;85445;145581;146395;221955;375323;440073;440279;729993","LRRC7;KCNH1;DISC1;STRN;LRRTM4;CACNA1D;GRID2;DGKI;GRIA4;CNTNAP4;BCR;DMD;GRIA3;RIMS2;GRIN1;NEURL1;SYT7;SHANK2;GRM5;IQSEC3;PTPRO;LRFN5;UNC13C;SHISA9;GSG1L;NETO1;CACNG2;LHFPL4;GABRA6;DAGLB;ARRB2","Astro","UP","FCD","CC"
"160","GO:0098984","neuron to neuron synapse","http://amigo.geneontology.org/amigo/term/GO:0098984",272,28,11.0636991557943,2.53079911209767,3.84126556118858e-06,0.000212550027719101,"409;613;2895;2902;2915;3756;4842;5800;6801;8224;8514;9066;9148;9162;10369;10564;22941;26115;27185;29904;57554;81831;81832;145581;146395;373509;440073;729993","LRRC7;KCNH1;DISC1;STRN;GRID2;DGKI;TANC2;BCR;KCNAB2;GRIN1;NEURL1;SYT7;SHANK2;GRM5;IQSEC3;PTPRO;LRFN5;SHISA9;EEF2K;GSG1L;NETO2;NETO1;ARFGEF2;SYN3;CACNG2;NOS1;USP50;ARRB2","Astro","UP","FCD","CC"
"161","GO:0044309","neuron spine","http://amigo.geneontology.org/amigo/term/GO:0044309",123,17,5.00306983883346,3.39791379045866,7.79623507785043e-06,0.000323543755730793,"40;409;2893;2895;2902;4842;5800;6543;6801;9148;9162;10564;10755;22941;29904;373509;729993","STRN;GRID2;DGKI;GRIA4;GRIN1;NEURL1;SHANK2;PTPRO;SHISA9;EEF2K;ASIC2;GIPC1;SLC8A2;ARFGEF2;NOS1;USP50;ARRB2","Astro","UP","FCD","CC"
"162","GO:0099572","postsynaptic specialization","http://amigo.geneontology.org/amigo/term/GO:0099572",264,26,10.7382962394474,2.42124070897656,1.95556637037075e-05,0.00064924803496309,"409;613;2895;2902;2915;3756;4842;5800;6801;8224;8514;9148;9162;10369;22941;26115;27185;29904;57554;81831;81832;145581;146395;373509;440073;729993","LRRC7;KCNH1;DISC1;STRN;GRID2;DGKI;TANC2;BCR;KCNAB2;GRIN1;NEURL1;SHANK2;GRM5;IQSEC3;PTPRO;LRFN5;SHISA9;EEF2K;GSG1L;NETO2;NETO1;SYN3;CACNG2;NOS1;USP50;ARRB2","Astro","UP","FCD","CC"
"163","GO:0044306","neuron projection terminus","http://amigo.geneontology.org/amigo/term/GO:0044306",84,11,3.41673062164236,3.21945193171608,0.000528446519057479,0.0146203536939236,"1756;2902;4842;5579;5799;8514;9066;9162;29993;64780;440279","DGKI;PRKCB;DMD;KCNAB2;PTPRN2;GRIN1;SYT7;UNC13C;NOS1;PACSIN1;MICAL1","Astro","UP","FCD","CC"
"164","GO:0043235","receptor complex","http://amigo.geneontology.org/amigo/term/GO:0043235",210,19,8.54182655410591,2.22434860736747,0.000799808451029338,0.01896688612441,"972;1438;2065;2559;2892;2893;2895;2902;3949;4973;5799;6850;7010;7048;10369;22941;54518;57554;729993","LRRC7;TGFBR2;GRID2;APBB1IP;GRIA4;ERBB3;LDLR;GRIA3;PTPRN2;GRIN1;SHANK2;SHISA9;CACNG2;TEK;CD74;SYK;CSF2RA;GABRA6;OLR1","Astro","UP","FCD","CC"
"165","GO:0019898","extrinsic component of membrane","http://amigo.geneontology.org/amigo/term/GO:0019898",174,16,7.0775134305449,2.26068098026458,0.00174842941769993,0.0362799104172735,"1005;1012;5996;8503;8514;9162;9306;9776;22863;23533;29062;54843;55359;64405;283987;373509","DGKI;ATG13;SYTL2;ATG14;CDH13;SOCS6;KCNAB2;CDH22;PIK3R3;RGS1;PIK3R5;CDH7;WDR91;STYK1;USP50;HID1","Astro","UP","FCD","CC"
"166","GO:0097060","synaptic membrane","http://amigo.geneontology.org/amigo/term/GO:0097060",302,67,27.9865694551036,2.39400545706333,2.45314879521175e-12,4.0722270000515e-10,"301;491;776;1006;1007;1008;1133;2556;2562;2891;2892;2894;2898;2899;2901;2903;2904;2906;2915;2917;3756;3778;4897;5663;6538;6547;8301;8745;9066;9148;9162;9456;9478;9699;9743;10059;10368;10458;10611;22849;22941;22986;22997;22999;23025;26037;26059;50944;53616;53942;56899;57451;57497;57554;58512;64506;80315;84628;93664;145581;149111;160622;221955;375323;440073;440279;729993","LRRC7;KCNH1;GRM7;ATP2B2;CACNA1D;ERC2;PDLIM5;GRIA2;TENM2;CPEB4;RIMS1;GRIK2;ADAM22;NRCAM;DGKI;KCNMA1;GRID1;CPEB3;PICALM;ARHGAP32;GRIN2B;DNM1L;ANKS1B;SIPA1L1;PSEN1;CPEB1;GRIN2A;CDH8;GRIA3;DLGAP3;GRIK3;CNIH3;ADAM23;CDH10;CDH9;HOMER1;LRFN2;CADPS2;RIMS2;NEURL1;SORCS3;SYT7;SHANK2;GRM5;CNTN5;IQSEC3;CABP1;LRFN5;SLC8A3;GABRB3;UNC13C;SHISA9;CACNG3;BAIAP2;UNC13A;GRIK5;GRASP;SLC6A11;NTNG2;LHFPL4;IGSF9B;GRIN2D;ANXA1;DAGLB;CHRM5;SHANK1;GABRA3","Endo","UP","FCD","CC"
"167","GO:1990351","transporter complex","http://amigo.geneontology.org/amigo/term/GO:1990351",186,42,17.2367613200307,2.43665264142123,2.43557924939353e-08,2.02153077699663e-06,"773;774;776;1258;2556;2562;2891;2892;2898;2899;2901;2903;2904;2906;3756;3763;3778;3785;3786;5310;6261;6262;6328;6335;6833;7224;9722;10368;22941;23507;25932;30818;50944;56262;56479;57554;80333;84230;149111;221154;402117;729993","CLIC4;LRRC7;LRRC8B;LRRC8C;NOS1AP;KCNH1;RYR2;CACNA1D;KCNIP4;GRIA2;GRIK2;KCNQ3;KCNMA1;GRIN2B;MICU2;GRIN2A;GRIA3;GRIK3;CNIH3;KCNIP3;SCN3A;SCN9A;VWC2L;KCNQ5;CACNA1B;ABCC8;SHANK2;GABRB3;PKD1;SHISA9;CACNG3;CNGB1;CACNA1A;GRIK5;KCNQ2;KCNJ6;TRPC5;LRRC8A;RYR1;GRIN2D;SHANK1;GABRA3","Endo","UP","FCD","CC"
"168","GO:0099572","postsynaptic specialization","http://amigo.geneontology.org/amigo/term/GO:0099572",264,50,24.4650805832694,2.04372921764226,4.43180193654413e-07,2.45226373822109e-05,"491;1008;2556;2894;2898;2901;2903;2904;2906;2915;3756;4134;4897;5063;5590;6009;6792;6854;8224;9148;9162;9201;9456;9478;9743;10368;10458;10611;22839;22849;22941;22986;22997;26037;26115;50944;53335;53616;55607;56899;57142;57554;58512;64506;80315;81831;145581;160622;440073;729993","LRRC7;KCNH1;RTN4;ATP2B2;MAP4;PDLIM5;CPEB4;GRIK2;ADAM22;PPP1R9A;NRCAM;DGKI;GRID1;CPEB3;ARHGAP32;GRIN2B;ANKS1B;DCLK1;SIPA1L1;CPEB1;GRIN2A;TANC2;CDKL5;PAK3;PRKCZ;DLGAP3;BCL11A;SYN2;CDH10;HOMER1;NEURL1;SORCS3;SHANK2;GRM5;IQSEC3;CABP1;LRFN5;SHISA9;CACNG3;NETO2;BAIAP2;GRIK5;DLGAP4;SYN3;RHEB;GRASP;IGSF9B;GRIN2D;SHANK1;GABRA3","Endo","UP","FCD","CC"
"169","GO:0098984","neuron to neuron synapse","http://amigo.geneontology.org/amigo/term/GO:0098984",272,50,25.2064466615503,1.98361953477043,1.13553579383918e-06,4.7124735444326e-05,"491;2894;2898;2901;2903;2904;2906;2915;2917;3756;4134;4897;5063;5590;6009;6456;6792;6854;8224;9066;9148;9162;9201;9456;9478;9743;10368;10458;10611;22849;22941;22986;22997;26037;26115;50944;53335;53616;55607;56899;57142;57554;58512;64506;80315;81831;145581;160622;440073;729993","LRRC7;KCNH1;RTN4;GRM7;ATP2B2;MAP4;PDLIM5;CPEB4;GRIK2;ADAM22;PPP1R9A;NRCAM;DGKI;GRID1;CPEB3;ARHGAP32;GRIN2B;ANKS1B;DCLK1;SIPA1L1;CPEB1;GRIN2A;TANC2;CDKL5;PAK3;PRKCZ;DLGAP3;BCL11A;SYN2;HOMER1;SH3GL2;NEURL1;SORCS3;SYT7;SHANK2;GRM5;IQSEC3;CABP1;LRFN5;SHISA9;CACNG3;NETO2;BAIAP2;GRIK5;SYN3;RHEB;GRASP;IGSF9B;GRIN2D;SHANK1","Endo","UP","FCD","CC"
"170","GO:0098978","glutamatergic synapse","http://amigo.geneontology.org/amigo/term/GO:0098978",265,48,24.5577513430545,1.9545763506387,2.92399923174091e-06,9.70767744937984e-05,"163;378;491;814;1006;1008;2894;2898;2899;2901;2903;2932;4628;4897;5063;5577;5584;5590;5789;6456;6792;6854;8224;8745;9066;9162;9456;9722;10368;10458;10718;11252;22839;22885;22986;23025;26059;26115;26280;50944;53616;55607;58512;84628;93664;145581;160622;729993","NOS1AP;ATP2B2;ERC2;ARF4;GSK3B;PRKCI;GRIK2;ADAM22;PPP1R9A;NRCAM;DGKI;PTPRD;NRG3;GRID1;GRIN2A;CDH8;AP2B1;TANC2;PACSIN2;CDKL5;PAK3;PRKCZ;DLGAP3;GRIK3;ADAM23;SYN2;CDH10;HOMER1;CAMK4;ABLIM3;CADPS2;SH3GL2;SORCS3;SYT7;LRFN5;SHISA9;CACNG3;MYH10;BAIAP2;UNC13A;GRIK5;DLGAP4;SYN3;IL1RAPL2;GRASP;NTNG2;PRKAR2B;SHANK1","Endo","UP","FCD","CC"
"171","GO:0099568","cytoplasmic region","http://amigo.geneontology.org/amigo/term/GO:0099568",309,52,28.6352647735994,1.81594269901573,1.04352423642151e-05,0.000288708372076618,"390;1768;1770;2037;2317;2898;2899;2917;2934;4134;4628;4650;4739;5048;5590;5663;5874;6261;6421;6792;8874;9371;9478;9590;9699;9743;10458;22906;22999;23025;23095;23187;23603;25981;26059;26086;54768;54777;55607;55626;55812;55915;56776;57553;57595;57619;57731;124602;129880;200373;440279;644150","KIF1B;SFPQ;FMN2;GRM7;MAP4;ERC2;RIMS1;GRIK2;EPB41L2;LANCL2;PPP1R9A;GSN;AMBRA1;PHLDB1;ARHGAP32;CORO1C;ARHGEF7;PSEN1;HYDIN;PAFAH1B1;MYO9B;KIF3B;MICAL3;CDKL5;PRKCZ;GRIK3;DNAH6;CFAP221;BBS5;TRAK1;DNAH1;FLNB;SHROOM3;AKAP12;WIPF3;RIMS2;CABP1;SPATA7;UNC13C;MYH10;DNAH9;BAIAP2;RAB27B;UNC13A;SPTBN4;NEDD9;RYR1;RND3;GPSM1;CFAP46;KIF19;PDZD4","Endo","UP","FCD","CC"
"172","GO:0043025","neuronal cell body","http://amigo.geneontology.org/amigo/term/GO:0043025",303,47,28.0792402148887,1.67383446419176,0.000224529602529167,0.00532455914569166,"40;460;773;774;1620;2898;2899;2901;3756;3781;4628;5048;5136;5536;5577;5590;5663;6001;6272;6456;6543;6547;7224;8301;8874;9066;9148;9162;10458;10891;11113;22941;22997;26504;55607;57142;57154;57282;57626;57731;57795;60481;84630;85442;90249;146713;146760","SORT1;KCNH1;RTN4;CNNM4;PDE1A;ELOVL5;GRIK2;PPP1R9A;SMURF1;DGKI;PICALM;ARHGEF7;PSEN1;PAFAH1B1;PRKCZ;GRIK3;ASTN1;BRINP2;SLC4A10;PPARGC1A;KCNN2;TTBK1;SH3GL2;BRINP1;CACNA1B;NEURL1;KNDC1;SYT7;SHANK2;CIT;SLC8A3;RTN4RL1;MYH10;ASIC2;RBFOX3;BAIAP2;CACNA1A;SPTBN4;GRIK5;PPP5C;SLC8A2;TRPC5;RGS10;IGSF9B;KLHL1;UNC5A;PRKAR2B","Endo","UP","FCD","CC"
"173","GO:0044309","neuron spine","http://amigo.geneontology.org/amigo/term/GO:0044309",123,24,11.3985034535687,2.10553956471242,0.000305351144741395,0.00633603625338394,"40;321;378;2891;3781;4628;5577;6001;6543;6547;9148;9162;9456;9743;10458;22941;23613;26037;50944;55607;56899;57451;80315;729993","ARF4;GRIA2;TENM2;CPEB4;PPP1R9A;DGKI;ARHGAP32;ANKS1B;SIPA1L1;APBA2;ZMYND8;HOMER1;KCNN2;NEURL1;SHANK2;SLC8A3;SHISA9;MYH10;ASIC2;BAIAP2;SLC8A2;RGS10;PRKAR2B;SHANK1","Endo","UP","FCD","CC"
"174","GO:0098793","presynapse","http://amigo.geneontology.org/amigo/term/GO:0098793",321,46,29.7473138910207,1.54635810710577,0.00153051530074522,0.0282295044359673,"321;491;598;774;776;1006;1007;1008;1258;2898;2899;2901;2903;2917;3756;5071;5663;5799;5874;6001;6456;6538;6833;6854;8224;8301;8497;8745;9066;9162;9699;10059;10458;22999;23025;23673;26059;26503;30818;53942;55530;81615;84628;93664;114088;440279","KCNH1;GRM7;ATP2B2;CACNA1D;ERC2;RIMS1;GRIK2;PRKN;DGKI;PICALM;DNM1L;TRIM9;PSEN1;APBA2;GRIN2A;CDH8;BCL2L1;GRIK3;KCNIP3;TMEM163;ADAM23;SYN2;CDH10;CDH9;SLC17A5;CADPS2;PTPRN2;RIMS2;SH3GL2;CACNA1B;ABCC8;SYT7;CNTN5;SVOP;UNC13C;CNGB1;BAIAP2;RAB27B;UNC13A;GRIK5;SYN3;STX12;SLC6A11;NTNG2;RGS10;PPFIA4","Endo","UP","FCD","CC"
"175","GO:1990351","transporter complex","http://amigo.geneontology.org/amigo/term/GO:1990351",186,37,12.6331542594014,2.9288014093919,1.37132727395795e-09,2.27640327477019e-07,"773;774;775;776;783;2185;2559;2567;2890;2897;2898;2899;2901;3751;3756;3776;3778;3779;3784;3786;5144;5195;6261;6262;6328;6335;10242;27091;27345;30820;55799;57628;80333;196527;375567;402117;729993","KCNH1;RYR2;DPP10;CACNA1D;CACNA2D3;KCNIP4;PDE4D;KCNIP1;GRIK2;KCND2;KCNQ3;CACNB2;KCNMA1;CACNA1C;KCNMB4;PEX14;GRIK3;SCN3A;SCN9A;VWC2L;KCNMB2;GRIA1;VWC2;PTK2B;CACNA1B;ANO6;GABRG3;SHISA9;CACNA1A;GRIK5;GRIK1;RYR1;KCNQ1;CACNG5;KCNK2;GABRA6;KCNMB1","Oligo","UP","FCD","CC"
"176","GO:0043235","receptor complex","http://amigo.geneontology.org/amigo/term/GO:0043235",210,36,14.2632386799693,2.52397094430993,1.37542621736486e-07,1.14160376041283e-05,"558;972;1436;1438;2185;2559;2567;2890;2897;2898;2899;2901;2917;3597;3675;3680;3949;4067;4088;4853;4916;4973;5156;5362;5799;6850;7048;7097;8829;10461;23654;27091;54518;375567;402117;729993","GRM7;TGFBR2;GRIK2;APBB1IP;SMAD3;LDLR;GRIK3;PLXNA2;VWC2L;ITGA9;PDGFRA;GRIA1;VWC2;PTPRN2;PTK2B;NRP1;GABRG3;NTRK3;SHISA9;GRIK5;GRIK1;MERTK;IL13RA1;NOTCH2;LYN;TLR2;CSF1R;CD74;SYK;CSF2RA;CACNG5;GABRA6;OLR1;ITGA3;AXL;PLXNB2","Oligo","UP","FCD","CC"
"177","GO:0097060","synaptic membrane","http://amigo.geneontology.org/amigo/term/GO:0097060",302,38,20.5118956254797,1.85258352976391,0.00012222802822226,0.00676328422829838,"286;775;776;1131;2559;2567;2890;2897;2898;2899;2901;2917;2918;3675;3751;3756;3778;4897;4916;6546;7402;8829;9229;9378;22854;22997;23380;27091;27185;53942;57451;57502;58512;84966;148281;221955;223082;729993","SRGAP2;KCNH1;DISC1;CHRM3;SLC8A1;NRXN1;GRM7;CACNA1D;TENM2;GRIK2;ZNRF2;NRCAM;KCND2;KCNMA1;CACNA1C;DLGAP1;NLGN4X;IGSF21;DLGAP3;GRIK3;NTNG1;GRIA1;UTRN;GRM8;NRP1;CNTN5;GABRG3;NTRK3;SHISA9;GRIK5;GRIK1;IGSF9B;CACNG5;ANK1;SYT6;GABRA6;DAGLB;ITGA3","Oligo","UP","FCD","CC"
"178","GO:0030667","secretory granule membrane","http://amigo.geneontology.org/amigo/term/GO:0030667",139,21,9.44090560245587,2.2243628825753,0.000389617963900468,0.0161691455018694,"719;963;2683;3071;3382;4033;4973;5788;5799;5906;6556;7097;7226;9749;10184;10257;11031;79895;81619;196527;326624","RAP1A;LHFPL2;PHACTR2;RAB31;ICA1;PTPRN2;TSPAN14;LRMP;ANO6;ATP8B4;TRPM2;B4GALT1;ABCC4;CD53;PTPRC;SLC11A1;TLR2;NCKAP1L;C3AR1;OLR1;RAB37","Oligo","UP","FCD","CC"
"179","GO:0098552","side of membrane","http://amigo.geneontology.org/amigo/term/GO:0098552",215,28,14.602839600921,1.91743529102615,0.00056393604143179,0.0187226765755354,"286;972;1012;1438;2035;2185;2683;3055;3122;3597;3675;3949;4067;4217;4897;5156;5788;5996;7048;9265;10160;23344;30820;55970;64805;84168;84966;146760","TGFBR2;KCNIP1;MAP3K5;NRCAM;CDH13;LDLR;IGSF21;ANTXR1;PDGFRA;CYTH3;PTK2B;FARP1;RTN4RL1;EPB41;B4GALT1;IL13RA1;GNG12;LYN;RGS1;PTPRC;P2RY12;CD74;HCK;CSF2RA;ANK1;HLA-DRA;ESYT1;ITGA3","Oligo","UP","FCD","CC"
"180","GO:0042581","specific granule","http://amigo.geneontology.org/amigo/term/GO:0042581",66,12,4.48273215656178,2.67693888032871,0.00138687116195979,0.0383701021475542,"719;963;1794;4973;5906;7226;7414;23191;79895;81619;196527;326624","RAP1A;CYFIP1;VCL;TSPAN14;ANO6;ATP8B4;TRPM2;CD53;DOCK2;C3AR1;OLR1;RAB37","Oligo","UP","FCD","CC"
"181","GO:0051219","phosphoprotein binding","http://amigo.geneontology.org/amigo/term/GO:0051219",59,6,0.620741482965932,9.66585956416465,3.10490670044627e-05,0.00807275742116031,"408;2885;3055;3482;5925;7409","IGF2R;ARRB1;RB1;GRB2;VAV1;HCK","Microglia","DOWN","HS","MF"
"182","GO:0030594","neurotransmitter receptor activity","http://amigo.geneontology.org/amigo/term/GO:0030594",51,7,0.511022044088176,13.6980392156863,5.81574910674121e-07,0.000151209476775271,"2566;2895;2898;2903;3358;9568;116443","GRID2;GRIK2;GABBR2;GRIN2A;GABRG2;GRIN3A;HTR2C","Endo","UP","HS","MF"
"183","GO:0008066","glutamate receptor activity","http://amigo.geneontology.org/amigo/term/GO:0008066",22,4,0.220440881763527,18.1454545454545,5.82334896213066e-05,0.00757035365076986,"2895;2898;2903;116443","GRID2;GRIK2;GRIN2A;GRIN3A","Endo","UP","HS","MF"
"184","GO:0022803","passive transmembrane transporter activity","http://amigo.geneontology.org/amigo/term/GO:0022803",205,9,2.05410821643287,4.38146341463415,0.000175821271185983,0.0152378435027852,"2566;2895;2898;2903;3746;3763;6262;27133;116443","RYR2;GRID2;GRIK2;GRIN2A;GABRG2;KCNH5;KCNJ6;GRIN3A;KCNC1","Endo","UP","HS","MF"
"185","GO:0046873","metal ion transmembrane transporter activity","http://amigo.geneontology.org/amigo/term/GO:0046873",224,9,2.24448897795591,4.00982142857143,0.00034180804466788,0.0222175229034122,"491;2898;2903;3746;3763;6262;27133;57282;116443","RYR2;ATP2B2;GRIK2;GRIN2A;SLC4A10;KCNH5;KCNJ6;GRIN3A;KCNC1","Endo","UP","HS","MF"
"186","GO:0051219","phosphoprotein binding","http://amigo.geneontology.org/amigo/term/GO:0051219",59,6,0.620741482965932,9.66585956416465,3.10490670044627e-05,0.00807275742116031,"408;2885;3055;3482;5925;7409","IGF2R;ARRB1;RB1;GRB2;VAV1;HCK","Microglia","DOWN","HS","MF"
"187","GO:0030594","neurotransmitter receptor activity","http://amigo.geneontology.org/amigo/term/GO:0030594",51,7,0.511022044088176,13.6980392156863,5.81574910674121e-07,0.000151209476775271,"2566;2895;2898;2903;3358;9568;116443","GRID2;GRIK2;GABBR2;GRIN2A;GABRG2;GRIN3A;HTR2C","Endo","UP","HS","MF"
"188","GO:0008066","glutamate receptor activity","http://amigo.geneontology.org/amigo/term/GO:0008066",22,4,0.220440881763527,18.1454545454545,5.82334896213066e-05,0.00757035365076986,"2895;2898;2903;116443","GRID2;GRIK2;GRIN2A;GRIN3A","Endo","UP","HS","MF"
"189","GO:0022803","passive transmembrane transporter activity","http://amigo.geneontology.org/amigo/term/GO:0022803",205,9,2.05410821643287,4.38146341463415,0.000175821271185983,0.0152378435027852,"2566;2895;2898;2903;3746;3763;6262;27133;116443","RYR2;GRID2;GRIK2;GRIN2A;GABRG2;KCNH5;KCNJ6;GRIN3A;KCNC1","Endo","UP","HS","MF"
"190","GO:0046873","metal ion transmembrane transporter activity","http://amigo.geneontology.org/amigo/term/GO:0046873",224,9,2.24448897795591,4.00982142857143,0.00034180804466788,0.0222175229034122,"491;2898;2903;3746;3763;6262;27133;57282;116443","RYR2;ATP2B2;GRIK2;GRIN2A;SLC4A10;KCNH5;KCNJ6;GRIN3A;KCNC1","Endo","UP","HS","MF"
"191","GO:0003735","structural constituent of ribosome","http://amigo.geneontology.org/amigo/term/GO:0003735",89,17,3.86439545758183,4.39913569576491,1.86912845978604e-07,4.8597339954437e-05,"6133;6137;6141;6158;6169;6171;6176;6193;6194;6208;6218;6223;6234;9801;23521;25873;51065","RPL13;RPL38;RPS19;RPL13A;RPL9;RPS14;RPS6;RPL41;RPLP1;RPS17;RPL36;RPS28;RPL18;RPL28;MRPL19;RPS27L;RPS5","Endo","DOWN","FCD","MF"
"192","GO:0030594","neurotransmitter receptor activity","http://amigo.geneontology.org/amigo/term/GO:0030594",51,11,2.20591182364729,4.98660004542358,8.18175692385292e-06,0.00212725680020176,"1129;2554;2557;2560;2561;2566;2742;2893;2904;9568;116443","GABRB1;GABBR2;GRIA4;GRIN2B;GABRA4;GABRB2;GABRG2;GRIN3A;GLRA2;GABRA1;CHRM2","Inhibitory","DOWN","FCD","MF"
"193","GO:0016917","GABA receptor activity","http://amigo.geneontology.org/amigo/term/GO:0016917",15,6,0.648797595190381,9.24787644787645,2.22497262074572e-05,0.00289246440696944,"2554;2557;2560;2561;2566;9568","GABRB1;GABBR2;GABRA4;GABRB2;GABRG2;GABRA1","Inhibitory","DOWN","FCD","MF"
"194","GO:0048018","receptor ligand activity","http://amigo.geneontology.org/amigo/term/GO:0048018",84,12,3.63326653306613,3.30281301709873,0.000232511486323306,0.0201509954813532,"2045;2257;2258;2259;3146;4254;7060;9542;23767;23768;64388;80031","FGF12;HMGB1;FGF14;SEMA6D;THBS4;NRG2;EPHA7;KITLG;FLRT2;FLRT3;FGF13;GREM2","Inhibitory","DOWN","FCD","MF"
"195","GO:0019199","transmembrane receptor protein kinase activity","http://amigo.geneontology.org/amigo/term/GO:0019199",53,9,2.29241816967268,3.92598528447585,0.000383577172535787,0.0249325162148262,"238;1956;2042;2044;2045;2066;3480;4915;51232","CRIM1;ERBB4;NTRK2;IGF1R;EPHA3;EPHA5;EPHA7;EGFR;ALK","Inhibitory","DOWN","FCD","MF"
"196","GO:0022803","passive transmembrane transporter activity","http://amigo.geneontology.org/amigo/term/GO:0022803",205,28,9.10654642618571,3.07471116816431,7.50399569149351e-08,1.95103887978831e-05,"40;773;774;776;2559;2892;2893;2895;2902;3756;5311;6262;6328;6334;7226;8514;8911;10369;27345;54207;56660;57582;63982;80333;84502;90134;343450;348980","KCNH1;RYR2;CACNA1D;KCNIP4;PKD2;GRID2;GRIA4;KCNMB4;KCNK10;GRIA3;KCNAB2;KCNT2;KCNK12;KCNH7;SCN3A;HCN1;KCNT1;GRIN1;CACNA1B;ANO3;SCN8A;JPH4;ASIC2;CACNA1A;TRPM2;CACNG2;GABRA6;CACNA1I","Astro","UP","FCD","MF"
"197","GO:0046873","metal ion transmembrane transporter activity","http://amigo.geneontology.org/amigo/term/GO:0046873",224,26,9.95056780227121,2.61291621911923,5.3293695541079e-06,0.000692818042034027,"40;773;774;776;2902;3756;5311;6262;6328;6334;6543;7226;8514;8911;9498;10369;27345;54207;56660;57582;79815;80333;84502;90134;343450;348980","KCNH1;RYR2;CACNA1D;KCNIP4;PKD2;SLC4A8;KCNMB4;KCNK10;KCNAB2;KCNT2;KCNK12;KCNH7;SCN3A;HCN1;NIPAL2;KCNT1;GRIN1;CACNA1B;SCN8A;JPH4;ASIC2;CACNA1A;SLC8A2;TRPM2;CACNG2;CACNA1I","Astro","UP","FCD","MF"
"198","GO:0022803","passive transmembrane transporter activity","http://amigo.geneontology.org/amigo/term/GO:0022803",205,45,19.37708750835,2.32233043178488,3.86646096250942e-08,1.00527985025245e-05,"40;773;774;776;1258;2556;2562;2891;2892;2894;2898;2899;2901;2903;2904;2906;3756;3763;3778;3781;3785;3786;5310;5663;6261;6262;6328;6335;6833;7224;10368;23507;25932;27133;30818;54207;56262;56479;56660;57156;57582;80036;80333;84230;116369","CLIC4;LRRC8B;LRRC8C;KCNH1;RYR2;CACNA1D;KCNIP4;GRIA2;GRIK2;KCNQ3;KCNMA1;GRID1;GRIN2B;PSEN1;KCNK10;GRIN2A;GRIA3;GRIK3;KCNK12;KCNIP3;SCN3A;SCN9A;KCNN2;KCNQ5;TRPM3;KCNT1;CACNA1B;ABCC8;KCNH5;GABRB3;PKD1;CACNG3;CNGB1;ASIC2;CACNA1A;GRIK5;KCNQ2;KCNJ6;TRPC5;LRRC8A;RYR1;GRIN2D;SLC26A8;TMEM63C;GABRA3","Endo","UP","FCD","MF"
"199","GO:0008066","glutamate receptor activity","http://amigo.geneontology.org/amigo/term/GO:0008066",22,11,2.07949231796927,5.28975265017668,1.30930570252374e-06,0.000170209741328087,"2891;2892;2894;2898;2899;2901;2903;2904;2906;2915;2917","GRM7;GRIA2;GRIK2;GRID1;GRIN2B;GRIN2A;GRIA3;GRIK3;GRM5;GRIK5;GRIN2D","Endo","UP","FCD","MF"
"200","GO:0046873","metal ion transmembrane transporter activity","http://amigo.geneontology.org/amigo/term/GO:0046873",224,41,21.1730126920508,1.93642730943968,2.13038210519212e-05,0.00141405714489506,"40;491;773;774;776;2898;2899;2901;2903;2904;2906;3756;3763;3778;3781;3785;3786;5310;5663;6261;6262;6328;6335;6538;6543;6547;6833;7224;10368;10686;26504;27133;30818;54207;56479;56660;57282;57582;64849;80036;80333","KCNH1;RYR2;CNNM4;ATP2B2;CACNA1D;KCNIP4;GRIK2;KCNQ3;KCNMA1;GRIN2B;PSEN1;KCNK10;GRIN2A;SLC13A3;GRIK3;KCNK12;KCNIP3;SLC4A10;SCN3A;SCN9A;KCNN2;KCNQ5;TRPM3;KCNT1;CACNA1B;ABCC8;KCNH5;SLC8A3;PKD1;CACNG3;ASIC2;CACNA1A;GRIK5;SLC8A2;KCNQ2;KCNJ6;TRPC5;SLC6A11;RYR1;GRIN2D;CLDN16","Endo","UP","FCD","MF"
"201","GO:0005516","calmodulin binding","http://amigo.geneontology.org/amigo/term/GO:0005516",123,27,11.62625250501,2.32233043178488,2.17547253060779e-05,0.00141405714489506,"491;814;1612;1956;3756;3781;3785;3786;4135;4628;4650;5130;5136;6261;6262;6543;6547;7273;9066;10777;23025;25827;27133;56479;84254;200373;440279","KCNH1;RYR2;PDE1A;ATP2B2;ARPP21;KCNQ3;MYO9B;CFAP221;FBXL2;PCYT1A;CAMK4;KCNN2;KCNQ5;DAPK1;SYT7;MAP6;KCNH5;SLC8A3;UNC13C;CAMKK1;MYH10;UNC13A;SLC8A2;KCNQ2;TTN;EGFR;RYR1","Endo","UP","FCD","MF"
"202","GO:0030594","neurotransmitter receptor activity","http://amigo.geneontology.org/amigo/term/GO:0030594",51,13,4.82064128256513,2.69673664518811,0.000681941846360945,0.0354609760107691,"1133;2556;2562;2891;2892;2894;2898;2899;2901;2903;2904;2906;2915","GRIA2;GRIK2;GRID1;GRIN2B;GRIN2A;GRIA3;GRIK3;GRM5;GABRB3;GRIK5;GRIN2D;CHRM5;GABRA3","Endo","UP","FCD","MF"
"203","GO:0022803","passive transmembrane transporter activity","http://amigo.geneontology.org/amigo/term/GO:0022803",205,37,15.2004008016032,2.43414634146341,2.47300895317437e-07,6.42982327825337e-05,"40;773;774;775;776;783;2185;2559;2567;2890;2897;2898;2899;2901;3751;3756;3776;3778;3779;3784;3786;6261;6262;6328;6335;7226;10242;27091;27345;30820;54207;55799;57419;57582;80333;196527;728215","KCNH1;RYR2;CACNA1D;CACNA2D3;KCNIP4;KCNIP1;GRIK2;KCND2;KCNQ3;CACNB2;KCNMA1;CACNA1C;KCNMB4;FAM155A;KCNK10;GRIK3;SCN3A;SCN9A;KCNMB2;GRIA1;PTK2B;KCNT1;CACNA1B;ANO6;GABRG3;ASIC2;CACNA1A;GRIK5;SLC24A3;GRIK1;TRPM2;RYR1;KCNQ1;CACNG5;KCNK2;GABRA6;KCNMB1","Oligo","UP","FCD","MF"
"204","GO:0046873","metal ion transmembrane transporter activity","http://amigo.geneontology.org/amigo/term/GO:0046873",224,37,16.6092184368737,2.22767857142857,2.36992467561592e-06,0.00030809020783007,"40;773;774;775;776;783;2897;2898;2899;2901;3751;3756;3776;3778;3779;3784;3786;6261;6262;6328;6335;6507;6546;6556;7226;9497;10242;27091;27345;30820;54207;55799;57419;57582;79815;80333;728215","KCNH1;RYR2;SLC8A1;SLC4A7;CACNA1D;CACNA2D3;KCNIP4;SLC1A3;KCNIP1;GRIK2;KCND2;KCNQ3;CACNB2;KCNMA1;CACNA1C;KCNMB4;FAM155A;KCNK10;GRIK3;SCN3A;SCN9A;KCNMB2;NIPAL2;KCNT1;CACNA1B;ASIC2;CACNA1A;GRIK5;SLC24A3;GRIK1;TRPM2;RYR1;SLC11A1;KCNQ1;CACNG5;KCNK2;KCNMB1","Oligo","UP","FCD","MF"
"205","GO:0060589","nucleoside-triphosphatase regulator activity","http://amigo.geneontology.org/amigo/term/GO:0060589",236,36,17.498997995992,2.05726065048099,2.06699201510396e-05,0.00179139307975677,"29;395;399;1794;3071;5900;5996;6000;6001;6242;8829;8997;9459;9462;9515;9628;9712;9882;9910;9912;9938;23092;23108;23216;23380;25771;55160;55843;57514;57533;58504;64744;79658;79890;83478;125058","SMAP2;RABGAP1L;RASAL2;SRGAP2;RGS7;RTKN;ARHGAP15;STXBP5L;TBC1D1;ARHGAP24;ARHGAP26;RALGDS;ARHGAP22;TBC1D4;ABR;TBC1D22A;ARHGAP6;KALRN;TBC1D14;ARHGAP10;USP6NL;NRP1;RGS6;RAP1GAP2;ARHGAP44;ARHGAP31;ARHGEF6;TBC1D16;RGS1;ARHGAP25;DOCK2;RGS10;NCKAP1L;RIN3;ARHGEF10L;RHOH","Oligo","UP","FCD","MF"
"206","GO:0017048","Rho GTPase binding","http://amigo.geneontology.org/amigo/term/GO:0017048",116,21,8.60120240480962,2.44151910531221,9.9991815975975e-05,0.00563409165259898,"29;399;1730;1794;6093;6242;7410;8997;9459;9912;10160;11214;23101;23191;23268;23380;55160;89846;91010;221472;653464","SRGAP2C;SRGAP2;RTKN;MCF2L2;FMNL3;CYFIP1;AKAP13;ABR;ROCK1;DIAPH2;KALRN;FARP1;ARHGAP44;ARHGEF6;DOCK2;FGD2;ARHGEF10L;VAV2;DNMBP;RHOH;FGD3","Oligo","UP","FCD","MF"
"207","GO:0008066","glutamate receptor activity","http://amigo.geneontology.org/amigo/term/GO:0008066",22,8,1.6312625250501,4.9041769041769,0.000108347916396134,0.00563409165259898,"2185;2890;2897;2898;2899;2901;2917;2918","GRM7;GRIK2;GRIK3;GRIA1;GRM8;PTK2B;GRIK5;GRIK1","Oligo","UP","FCD","MF"
"208","GO:0015077","monovalent inorganic cation transmembrane transporter activity","http://amigo.geneontology.org/amigo/term/GO:0015077",176,26,13.0501002004008,1.99232186732187,0.000493376588074357,0.0203319022133,"40;2897;2898;2899;2901;3751;3756;3776;3778;3779;3784;3786;6328;6335;6507;6546;6556;7226;9497;10242;27345;30820;54207;57419;57582;80333","KCNH1;SLC8A1;SLC4A7;KCNIP4;SLC1A3;KCNIP1;GRIK2;KCND2;KCNQ3;KCNMA1;KCNMB4;KCNK10;GRIK3;SCN3A;SCN9A;KCNMB2;KCNT1;ASIC2;GRIK5;SLC24A3;GRIK1;TRPM2;SLC11A1;KCNQ1;KCNK2;KCNMB1","Oligo","UP","FCD","MF"
"209","GO:0005085","guanyl-nucleotide exchange factor activity","http://amigo.geneontology.org/amigo/term/GO:0005085",216,30,16.0160320641283,1.87312312312312,0.000547397367281155,0.0203319022133,"29;1438;1794;5155;5156;5900;5906;6103;7410;8412;8997;9265;9459;10160;10260;11214;22898;23101;23268;27147;51196;55160;57572;64805;79890;81704;81846;89846;221472;255426","RAP1A;MCF2L2;RASGEF1C;DENND2A;RALGDS;SBF2;DENND4A;AKAP13;ABR;KALRN;PDGFRA;CYTH3;FARP1;RPGR;BCAR3;DENND3;PLCE1;DOCK6;ARHGEF6;P2RY12;DOCK2;FGD2;DOCK8;RIN3;PDGFB;CSF2RA;ARHGEF10L;VAV2;DNMBP;FGD3","Oligo","UP","FCD","MF"
